occurrence_id	global_position	line	group	position_in_group	visible_final_uppercase	visible_layer	typed_underlayer_identity	typed_underlayer_status	event_ids	bbox_original_xyxy	source	source_sha256
C001	1	1	1	1	C	violet_typewritten	C	legible	E11	[157, 680, 233, 875]	sources/raw/HC696_original.jpg	2dc894dd0aaa745eb5c7ba6155b653038cc6625817ef66ec0502125dd93f0ae4
C002	2	1	1	2	I	violet_typewritten	I	legible		[230, 680, 306, 875]	sources/raw/HC696_original.jpg	2dc894dd0aaa745eb5c7ba6155b653038cc6625817ef66ec0502125dd93f0ae4
C003	3	1	1	3	U	violet_typewritten	U	legible		[310, 680, 386, 875]	sources/raw/HC696_original.jpg	2dc894dd0aaa745eb5c7ba6155b653038cc6625817ef66ec0502125dd93f0ae4
C004	4	1	1	4	S	violet_typewritten	S	legible		[388, 680, 464, 875]	sources/raw/HC696_original.jpg	2dc894dd0aaa745eb5c7ba6155b653038cc6625817ef66ec0502125dd93f0ae4
C005	5	1	1	5	W	violet_typewritten	W	legible	E07	[464, 680, 540, 875]	sources/raw/HC696_original.jpg	2dc894dd0aaa745eb5c7ba6155b653038cc6625817ef66ec0502125dd93f0ae4
C006	6	1	2	1	I	violet_typewritten	I	legible	E07	[620, 680, 696, 875]	sources/raw/HC696_original.jpg	2dc894dd0aaa745eb5c7ba6155b653038cc6625817ef66ec0502125dd93f0ae4
C007	7	1	2	2	N	violet_typewritten	N	legible		[698, 680, 774, 875]	sources/raw/HC696_original.jpg	2dc894dd0aaa745eb5c7ba6155b653038cc6625817ef66ec0502125dd93f0ae4
C008	8	1	2	3	B	violet_typewritten	B	legible		[773, 680, 849, 875]	sources/raw/HC696_original.jpg	2dc894dd0aaa745eb5c7ba6155b653038cc6625817ef66ec0502125dd93f0ae4
C009	9	1	2	4	A	violet_typewritten	A	legible		[850, 680, 926, 875]	sources/raw/HC696_original.jpg	2dc894dd0aaa745eb5c7ba6155b653038cc6625817ef66ec0502125dd93f0ae4
C010	10	1	2	5	X	violet_typewritten	X	legible		[932, 680, 1008, 875]	sources/raw/HC696_original.jpg	2dc894dd0aaa745eb5c7ba6155b653038cc6625817ef66ec0502125dd93f0ae4
C011	11	1	3	1	E	violet_typewritten	E	legible	E08	[1092, 680, 1168, 875]	sources/raw/HC696_original.jpg	2dc894dd0aaa745eb5c7ba6155b653038cc6625817ef66ec0502125dd93f0ae4
C012	12	1	3	2	R	violet_typewritten	R	legible	E08	[1166, 680, 1242, 875]	sources/raw/HC696_original.jpg	2dc894dd0aaa745eb5c7ba6155b653038cc6625817ef66ec0502125dd93f0ae4
C013	13	1	3	3	H	violet_typewritten	H	legible		[1245, 680, 1321, 875]	sources/raw/HC696_original.jpg	2dc894dd0aaa745eb5c7ba6155b653038cc6625817ef66ec0502125dd93f0ae4
C014	14	1	3	4	P	violet_typewritten	P	legible		[1318, 680, 1394, 875]	sources/raw/HC696_original.jpg	2dc894dd0aaa745eb5c7ba6155b653038cc6625817ef66ec0502125dd93f0ae4
C015	15	1	3	5	B	violet_typewritten	B	legible		[1398, 680, 1474, 875]	sources/raw/HC696_original.jpg	2dc894dd0aaa745eb5c7ba6155b653038cc6625817ef66ec0502125dd93f0ae4
C016	16	1	4	1	W	violet_typewritten	W	legible		[1560, 680, 1636, 875]	sources/raw/HC696_original.jpg	2dc894dd0aaa745eb5c7ba6155b653038cc6625817ef66ec0502125dd93f0ae4
C017	17	1	4	2	P	violet_typewritten	P	legible		[1632, 680, 1708, 875]	sources/raw/HC696_original.jpg	2dc894dd0aaa745eb5c7ba6155b653038cc6625817ef66ec0502125dd93f0ae4
C018	18	1	4	3	X	violet_typewritten	X	legible		[1712, 680, 1788, 875]	sources/raw/HC696_original.jpg	2dc894dd0aaa745eb5c7ba6155b653038cc6625817ef66ec0502125dd93f0ae4
C019	19	1	4	4	O	violet_typewritten	O	legible		[1790, 680, 1866, 875]	sources/raw/HC696_original.jpg	2dc894dd0aaa745eb5c7ba6155b653038cc6625817ef66ec0502125dd93f0ae4
C020	20	1	4	5	Q	violet_typewritten	Q	legible		[1865, 680, 1941, 875]	sources/raw/HC696_original.jpg	2dc894dd0aaa745eb5c7ba6155b653038cc6625817ef66ec0502125dd93f0ae4
C021	21	1	5	1	Y	violet_typewritten	Y	legible		[2016, 680, 2092, 875]	sources/raw/HC696_original.jpg	2dc894dd0aaa745eb5c7ba6155b653038cc6625817ef66ec0502125dd93f0ae4
C022	22	1	5	2	K	violet_typewritten	K	legible		[2096, 680, 2172, 875]	sources/raw/HC696_original.jpg	2dc894dd0aaa745eb5c7ba6155b653038cc6625817ef66ec0502125dd93f0ae4
C023	23	1	5	3	P	thick_dark_overlay		held_unidentified_occluded	E01	[2179, 680, 2255, 875]	sources/raw/HC696_original.jpg	2dc894dd0aaa745eb5c7ba6155b653038cc6625817ef66ec0502125dd93f0ae4
C024	24	1	5	4	V	violet_typewritten	V	legible		[2257, 680, 2333, 875]	sources/raw/HC696_original.jpg	2dc894dd0aaa745eb5c7ba6155b653038cc6625817ef66ec0502125dd93f0ae4
C025	25	1	5	5	A	violet_typewritten	A	legible		[2328, 680, 2404, 875]	sources/raw/HC696_original.jpg	2dc894dd0aaa745eb5c7ba6155b653038cc6625817ef66ec0502125dd93f0ae4
C026	26	1	6	1	G	violet_typewritten	G	legible		[2492, 680, 2568, 875]	sources/raw/HC696_original.jpg	2dc894dd0aaa745eb5c7ba6155b653038cc6625817ef66ec0502125dd93f0ae4
C027	27	1	6	2	U	violet_typewritten	U	legible		[2564, 680, 2640, 875]	sources/raw/HC696_original.jpg	2dc894dd0aaa745eb5c7ba6155b653038cc6625817ef66ec0502125dd93f0ae4
C028	28	1	6	3	S	violet_typewritten	S	legible		[2650, 680, 2726, 875]	sources/raw/HC696_original.jpg	2dc894dd0aaa745eb5c7ba6155b653038cc6625817ef66ec0502125dd93f0ae4
C029	29	1	6	4	R	violet_typewritten	R	legible		[2728, 680, 2804, 875]	sources/raw/HC696_original.jpg	2dc894dd0aaa745eb5c7ba6155b653038cc6625817ef66ec0502125dd93f0ae4
C030	30	1	6	5	B	violet_typewritten	B	legible		[2811, 680, 2887, 875]	sources/raw/HC696_original.jpg	2dc894dd0aaa745eb5c7ba6155b653038cc6625817ef66ec0502125dd93f0ae4
C031	31	2	1	1	K	violet_typewritten	K	legible		[168, 905, 244, 1110]	sources/raw/HC696_original.jpg	2dc894dd0aaa745eb5c7ba6155b653038cc6625817ef66ec0502125dd93f0ae4
C032	32	2	1	2	W	violet_typewritten	W	legible		[246, 905, 322, 1110]	sources/raw/HC696_original.jpg	2dc894dd0aaa745eb5c7ba6155b653038cc6625817ef66ec0502125dd93f0ae4
C033	33	2	1	3	X	violet_typewritten	X	legible		[323, 905, 399, 1110]	sources/raw/HC696_original.jpg	2dc894dd0aaa745eb5c7ba6155b653038cc6625817ef66ec0502125dd93f0ae4
C034	34	2	1	4	K	violet_typewritten	K	legible		[397, 905, 473, 1110]	sources/raw/HC696_original.jpg	2dc894dd0aaa745eb5c7ba6155b653038cc6625817ef66ec0502125dd93f0ae4
C035	35	2	1	5	J	violet_typewritten	J	legible		[475, 905, 551, 1110]	sources/raw/HC696_original.jpg	2dc894dd0aaa745eb5c7ba6155b653038cc6625817ef66ec0502125dd93f0ae4
C036	36	2	2	1	U	violet_typewritten	U	legible		[630, 905, 706, 1110]	sources/raw/HC696_original.jpg	2dc894dd0aaa745eb5c7ba6155b653038cc6625817ef66ec0502125dd93f0ae4
C037	37	2	2	2	K	violet_typewritten	K	legible		[709, 905, 785, 1110]	sources/raw/HC696_original.jpg	2dc894dd0aaa745eb5c7ba6155b653038cc6625817ef66ec0502125dd93f0ae4
C038	38	2	2	3	I	violet_typewritten	I	legible		[784, 905, 860, 1110]	sources/raw/HC696_original.jpg	2dc894dd0aaa745eb5c7ba6155b653038cc6625817ef66ec0502125dd93f0ae4
C039	39	2	2	4	L	violet_typewritten	L	legible		[861, 905, 937, 1110]	sources/raw/HC696_original.jpg	2dc894dd0aaa745eb5c7ba6155b653038cc6625817ef66ec0502125dd93f0ae4
C040	40	2	2	5	R	violet_typewritten	R	legible		[940, 905, 1016, 1110]	sources/raw/HC696_original.jpg	2dc894dd0aaa745eb5c7ba6155b653038cc6625817ef66ec0502125dd93f0ae4
C041	41	2	3	1	W	violet_typewritten	W	legible		[1097, 905, 1173, 1110]	sources/raw/HC696_original.jpg	2dc894dd0aaa745eb5c7ba6155b653038cc6625817ef66ec0502125dd93f0ae4
C042	42	2	3	2	B	violet_typewritten	B	legible		[1172, 905, 1248, 1110]	sources/raw/HC696_original.jpg	2dc894dd0aaa745eb5c7ba6155b653038cc6625817ef66ec0502125dd93f0ae4
C043	43	2	3	3	C	violet_typewritten	C	legible		[1252, 905, 1328, 1110]	sources/raw/HC696_original.jpg	2dc894dd0aaa745eb5c7ba6155b653038cc6625817ef66ec0502125dd93f0ae4
C044	44	2	3	4	J	violet_typewritten	J	legible		[1332, 905, 1408, 1110]	sources/raw/HC696_original.jpg	2dc894dd0aaa745eb5c7ba6155b653038cc6625817ef66ec0502125dd93f0ae4
C045	45	2	3	5	W	violet_typewritten	W	legible		[1408, 905, 1484, 1110]	sources/raw/HC696_original.jpg	2dc894dd0aaa745eb5c7ba6155b653038cc6625817ef66ec0502125dd93f0ae4
C046	46	2	4	1	M	violet_typewritten	M	legible		[1558, 905, 1634, 1110]	sources/raw/HC696_original.jpg	2dc894dd0aaa745eb5c7ba6155b653038cc6625817ef66ec0502125dd93f0ae4
C047	47	2	4	2	T	violet_typewritten	T	legible		[1641, 905, 1717, 1110]	sources/raw/HC696_original.jpg	2dc894dd0aaa745eb5c7ba6155b653038cc6625817ef66ec0502125dd93f0ae4
C048	48	2	4	3	Y	violet_typewritten	Y	legible		[1713, 905, 1789, 1110]	sources/raw/HC696_original.jpg	2dc894dd0aaa745eb5c7ba6155b653038cc6625817ef66ec0502125dd93f0ae4
C049	49	2	4	4	L	violet_typewritten	L	legible		[1790, 905, 1866, 1110]	sources/raw/HC696_original.jpg	2dc894dd0aaa745eb5c7ba6155b653038cc6625817ef66ec0502125dd93f0ae4
C050	50	2	4	5	Z	violet_typewritten	Z	legible		[1870, 905, 1946, 1110]	sources/raw/HC696_original.jpg	2dc894dd0aaa745eb5c7ba6155b653038cc6625817ef66ec0502125dd93f0ae4
C051	51	2	5	1	W	violet_typewritten	W	legible		[2033, 905, 2109, 1110]	sources/raw/HC696_original.jpg	2dc894dd0aaa745eb5c7ba6155b653038cc6625817ef66ec0502125dd93f0ae4
C052	52	2	5	2	U	violet_typewritten	U	legible		[2108, 905, 2184, 1110]	sources/raw/HC696_original.jpg	2dc894dd0aaa745eb5c7ba6155b653038cc6625817ef66ec0502125dd93f0ae4
C053	53	2	5	3	S	violet_typewritten	S	legible		[2222, 905, 2298, 1110]	sources/raw/HC696_original.jpg	2dc894dd0aaa745eb5c7ba6155b653038cc6625817ef66ec0502125dd93f0ae4
C054	54	2	5	4	U	violet_typewritten	U	legible		[2296, 905, 2372, 1110]	sources/raw/HC696_original.jpg	2dc894dd0aaa745eb5c7ba6155b653038cc6625817ef66ec0502125dd93f0ae4
C055	55	2	5	5	F	violet_typewritten	F	legible		[2374, 905, 2450, 1110]	sources/raw/HC696_original.jpg	2dc894dd0aaa745eb5c7ba6155b653038cc6625817ef66ec0502125dd93f0ae4
C056	56	2	6	1	C	violet_typewritten	C	legible		[2519, 905, 2595, 1110]	sources/raw/HC696_original.jpg	2dc894dd0aaa745eb5c7ba6155b653038cc6625817ef66ec0502125dd93f0ae4
C057	57	2	6	2	B	violet_typewritten	B	legible		[2596, 905, 2672, 1110]	sources/raw/HC696_original.jpg	2dc894dd0aaa745eb5c7ba6155b653038cc6625817ef66ec0502125dd93f0ae4
C058	58	2	6	3	K	violet_typewritten	K	legible		[2670, 905, 2746, 1110]	sources/raw/HC696_original.jpg	2dc894dd0aaa745eb5c7ba6155b653038cc6625817ef66ec0502125dd93f0ae4
C059	59	2	6	4	D	violet_typewritten	D	legible		[2752, 905, 2828, 1110]	sources/raw/HC696_original.jpg	2dc894dd0aaa745eb5c7ba6155b653038cc6625817ef66ec0502125dd93f0ae4
C060	60	2	6	5	A	violet_typewritten	A	legible		[2882, 905, 2958, 1110]	sources/raw/HC696_original.jpg	2dc894dd0aaa745eb5c7ba6155b653038cc6625817ef66ec0502125dd93f0ae4
C061	61	3	1	1	U	violet_typewritten	U	legible		[186, 1135, 262, 1340]	sources/raw/HC696_original.jpg	2dc894dd0aaa745eb5c7ba6155b653038cc6625817ef66ec0502125dd93f0ae4
C062	62	3	1	2	G	violet_typewritten	G	legible		[265, 1135, 341, 1340]	sources/raw/HC696_original.jpg	2dc894dd0aaa745eb5c7ba6155b653038cc6625817ef66ec0502125dd93f0ae4
C063	63	3	1	3	T	violet_typewritten	T	legible		[343, 1135, 419, 1340]	sources/raw/HC696_original.jpg	2dc894dd0aaa745eb5c7ba6155b653038cc6625817ef66ec0502125dd93f0ae4
C064	64	3	1	4	K	violet_typewritten	K	legible		[420, 1135, 496, 1340]	sources/raw/HC696_original.jpg	2dc894dd0aaa745eb5c7ba6155b653038cc6625817ef66ec0502125dd93f0ae4
C065	65	3	1	5	S	violet_typewritten	S	legible		[496, 1135, 572, 1340]	sources/raw/HC696_original.jpg	2dc894dd0aaa745eb5c7ba6155b653038cc6625817ef66ec0502125dd93f0ae4
C066	66	3	2	1	N	thick_dark_overlay		held_unidentified_occluded	E02	[650, 1135, 726, 1340]	sources/raw/HC696_original.jpg	2dc894dd0aaa745eb5c7ba6155b653038cc6625817ef66ec0502125dd93f0ae4
C067	67	3	2	2	K	violet_typewritten	K	legible		[730, 1135, 806, 1340]	sources/raw/HC696_original.jpg	2dc894dd0aaa745eb5c7ba6155b653038cc6625817ef66ec0502125dd93f0ae4
C068	68	3	2	3	J	violet_typewritten	J	legible		[803, 1135, 879, 1340]	sources/raw/HC696_original.jpg	2dc894dd0aaa745eb5c7ba6155b653038cc6625817ef66ec0502125dd93f0ae4
C069	69	3	2	4	F	violet_typewritten	F	legible		[882, 1135, 958, 1340]	sources/raw/HC696_original.jpg	2dc894dd0aaa745eb5c7ba6155b653038cc6625817ef66ec0502125dd93f0ae4
C070	70	3	2	5	S	violet_typewritten	S	legible		[957, 1135, 1033, 1340]	sources/raw/HC696_original.jpg	2dc894dd0aaa745eb5c7ba6155b653038cc6625817ef66ec0502125dd93f0ae4
C071	71	3	3	1	J	violet_typewritten	J	legible		[1119, 1135, 1195, 1340]	sources/raw/HC696_original.jpg	2dc894dd0aaa745eb5c7ba6155b653038cc6625817ef66ec0502125dd93f0ae4
C072	72	3	3	2	L	violet_typewritten	L	legible		[1191, 1135, 1267, 1340]	sources/raw/HC696_original.jpg	2dc894dd0aaa745eb5c7ba6155b653038cc6625817ef66ec0502125dd93f0ae4
C073	73	3	3	3	Z	violet_typewritten	Z	legible		[1268, 1135, 1344, 1340]	sources/raw/HC696_original.jpg	2dc894dd0aaa745eb5c7ba6155b653038cc6625817ef66ec0502125dd93f0ae4
C074	74	3	3	4	G	violet_typewritten	G	legible		[1346, 1135, 1422, 1340]	sources/raw/HC696_original.jpg	2dc894dd0aaa745eb5c7ba6155b653038cc6625817ef66ec0502125dd93f0ae4
C075	75	3	3	5	M	violet_typewritten	M	legible		[1421, 1135, 1497, 1340]	sources/raw/HC696_original.jpg	2dc894dd0aaa745eb5c7ba6155b653038cc6625817ef66ec0502125dd93f0ae4
C076	76	3	4	1	M	violet_typewritten	M	legible		[1565, 1135, 1641, 1340]	sources/raw/HC696_original.jpg	2dc894dd0aaa745eb5c7ba6155b653038cc6625817ef66ec0502125dd93f0ae4
C077	77	3	4	2	W	violet_typewritten	W	legible	E03	[1645, 1135, 1721, 1340]	sources/raw/HC696_original.jpg	2dc894dd0aaa745eb5c7ba6155b653038cc6625817ef66ec0502125dd93f0ae4
C078	78	3	4	3	Z	violet_typewritten	Z	legible		[1719, 1135, 1795, 1340]	sources/raw/HC696_original.jpg	2dc894dd0aaa745eb5c7ba6155b653038cc6625817ef66ec0502125dd93f0ae4
C079	79	3	4	4	W	violet_typewritten	W	legible		[1799, 1135, 1875, 1340]	sources/raw/HC696_original.jpg	2dc894dd0aaa745eb5c7ba6155b653038cc6625817ef66ec0502125dd93f0ae4
C080	80	3	4	5	B	thick_dark_overlay		held_unidentified_occluded	E04	[1872, 1135, 1948, 1340]	sources/raw/HC696_original.jpg	2dc894dd0aaa745eb5c7ba6155b653038cc6625817ef66ec0502125dd93f0ae4
C081	81	3	5	1	E	violet_typewritten	E	legible		[2031, 1135, 2107, 1340]	sources/raw/HC696_original.jpg	2dc894dd0aaa745eb5c7ba6155b653038cc6625817ef66ec0502125dd93f0ae4
C082	82	3	5	2	K	violet_typewritten	K	legible		[2109, 1135, 2185, 1340]	sources/raw/HC696_original.jpg	2dc894dd0aaa745eb5c7ba6155b653038cc6625817ef66ec0502125dd93f0ae4
C083	83	3	5	3	K	violet_typewritten	K	legible		[2223, 1135, 2299, 1340]	sources/raw/HC696_original.jpg	2dc894dd0aaa745eb5c7ba6155b653038cc6625817ef66ec0502125dd93f0ae4
C084	84	3	5	4	M	violet_typewritten	M	legible		[2305, 1135, 2381, 1340]	sources/raw/HC696_original.jpg	2dc894dd0aaa745eb5c7ba6155b653038cc6625817ef66ec0502125dd93f0ae4
C085	85	3	5	5	N	violet_typewritten	N	legible		[2380, 1135, 2456, 1340]	sources/raw/HC696_original.jpg	2dc894dd0aaa745eb5c7ba6155b653038cc6625817ef66ec0502125dd93f0ae4
C086	86	3	6	1	L	violet_typewritten	L	legible		[2527, 1135, 2603, 1340]	sources/raw/HC696_original.jpg	2dc894dd0aaa745eb5c7ba6155b653038cc6625817ef66ec0502125dd93f0ae4
C087	87	3	6	2	N	violet_typewritten	N	legible		[2606, 1135, 2682, 1340]	sources/raw/HC696_original.jpg	2dc894dd0aaa745eb5c7ba6155b653038cc6625817ef66ec0502125dd93f0ae4
C088	88	3	6	3	A	violet_typewritten	A	legible		[2685, 1135, 2761, 1340]	sources/raw/HC696_original.jpg	2dc894dd0aaa745eb5c7ba6155b653038cc6625817ef66ec0502125dd93f0ae4
C089	89	3	6	4	J	violet_typewritten	J	legible		[2807, 1135, 2883, 1340]	sources/raw/HC696_original.jpg	2dc894dd0aaa745eb5c7ba6155b653038cc6625817ef66ec0502125dd93f0ae4
C090	90	3	6	5	T	violet_typewritten	T	legible		[2887, 1135, 2963, 1340]	sources/raw/HC696_original.jpg	2dc894dd0aaa745eb5c7ba6155b653038cc6625817ef66ec0502125dd93f0ae4
C091	91	4	1	1	S	violet_typewritten	S	legible		[191, 1370, 267, 1560]	sources/raw/HC696_original.jpg	2dc894dd0aaa745eb5c7ba6155b653038cc6625817ef66ec0502125dd93f0ae4
C092	92	4	1	2	Q	violet_typewritten	Q	legible		[267, 1370, 343, 1560]	sources/raw/HC696_original.jpg	2dc894dd0aaa745eb5c7ba6155b653038cc6625817ef66ec0502125dd93f0ae4
C093	93	4	1	3	M	violet_typewritten	M	legible		[346, 1370, 422, 1560]	sources/raw/HC696_original.jpg	2dc894dd0aaa745eb5c7ba6155b653038cc6625817ef66ec0502125dd93f0ae4
C094	94	4	1	4	Z	violet_typewritten	Z	legible		[421, 1370, 497, 1560]	sources/raw/HC696_original.jpg	2dc894dd0aaa745eb5c7ba6155b653038cc6625817ef66ec0502125dd93f0ae4
C095	95	4	1	5	L	violet_typewritten	L	legible		[496, 1370, 572, 1560]	sources/raw/HC696_original.jpg	2dc894dd0aaa745eb5c7ba6155b653038cc6625817ef66ec0502125dd93f0ae4
C096	96	4	2	1	J	violet_typewritten	J	legible		[661, 1370, 737, 1560]	sources/raw/HC696_original.jpg	2dc894dd0aaa745eb5c7ba6155b653038cc6625817ef66ec0502125dd93f0ae4
C097	97	4	2	2	C	violet_typewritten	C	legible		[733, 1370, 809, 1560]	sources/raw/HC696_original.jpg	2dc894dd0aaa745eb5c7ba6155b653038cc6625817ef66ec0502125dd93f0ae4
C098	98	4	2	3	I	violet_typewritten	I	legible		[810, 1370, 886, 1560]	sources/raw/HC696_original.jpg	2dc894dd0aaa745eb5c7ba6155b653038cc6625817ef66ec0502125dd93f0ae4
C099	99	4	2	4	M	violet_typewritten	M	legible		[886, 1370, 962, 1560]	sources/raw/HC696_original.jpg	2dc894dd0aaa745eb5c7ba6155b653038cc6625817ef66ec0502125dd93f0ae4
C100	100	4	2	5	S	violet_typewritten	S	legible		[966, 1370, 1042, 1560]	sources/raw/HC696_original.jpg	2dc894dd0aaa745eb5c7ba6155b653038cc6625817ef66ec0502125dd93f0ae4
C101	101	4	3	1	W	violet_typewritten	W	legible	E09	[1112, 1370, 1188, 1560]	sources/raw/HC696_original.jpg	2dc894dd0aaa745eb5c7ba6155b653038cc6625817ef66ec0502125dd93f0ae4
C102	102	4	3	2	I	violet_typewritten	I	legible	E09	[1194, 1370, 1270, 1560]	sources/raw/HC696_original.jpg	2dc894dd0aaa745eb5c7ba6155b653038cc6625817ef66ec0502125dd93f0ae4
C103	103	4	3	3	F	violet_typewritten	F	legible		[1269, 1370, 1345, 1560]	sources/raw/HC696_original.jpg	2dc894dd0aaa745eb5c7ba6155b653038cc6625817ef66ec0502125dd93f0ae4
C104	104	4	3	4	N	violet_typewritten	N	legible		[1345, 1370, 1421, 1560]	sources/raw/HC696_original.jpg	2dc894dd0aaa745eb5c7ba6155b653038cc6625817ef66ec0502125dd93f0ae4
C105	105	4	3	5	E	violet_typewritten	E	legible		[1423, 1370, 1499, 1560]	sources/raw/HC696_original.jpg	2dc894dd0aaa745eb5c7ba6155b653038cc6625817ef66ec0502125dd93f0ae4
C106	106	4	4	1	N	violet_typewritten	N	legible		[1576, 1370, 1652, 1560]	sources/raw/HC696_original.jpg	2dc894dd0aaa745eb5c7ba6155b653038cc6625817ef66ec0502125dd93f0ae4
C107	107	4	4	2	E	violet_typewritten	E	legible	E10	[1645, 1370, 1721, 1560]	sources/raw/HC696_original.jpg	2dc894dd0aaa745eb5c7ba6155b653038cc6625817ef66ec0502125dd93f0ae4
C108	108	4	4	3	Q	violet_typewritten	Q	legible	E10	[1723, 1370, 1799, 1560]	sources/raw/HC696_original.jpg	2dc894dd0aaa745eb5c7ba6155b653038cc6625817ef66ec0502125dd93f0ae4
C109	109	4	4	4	P	violet_typewritten	P	legible		[1799, 1370, 1875, 1560]	sources/raw/HC696_original.jpg	2dc894dd0aaa745eb5c7ba6155b653038cc6625817ef66ec0502125dd93f0ae4
C110	110	4	4	5	N	violet_typewritten	N	legible		[1873, 1370, 1949, 1560]	sources/raw/HC696_original.jpg	2dc894dd0aaa745eb5c7ba6155b653038cc6625817ef66ec0502125dd93f0ae4
C111	111	4	5	1	S	violet_typewritten	S	legible		[2031, 1370, 2107, 1560]	sources/raw/HC696_original.jpg	2dc894dd0aaa745eb5c7ba6155b653038cc6625817ef66ec0502125dd93f0ae4
C112	112	4	5	2	W	violet_typewritten	W	legible		[2110, 1370, 2186, 1560]	sources/raw/HC696_original.jpg	2dc894dd0aaa745eb5c7ba6155b653038cc6625817ef66ec0502125dd93f0ae4
C113	113	4	5	3	Q	violet_typewritten	Q	legible		[2189, 1370, 2265, 1560]	sources/raw/HC696_original.jpg	2dc894dd0aaa745eb5c7ba6155b653038cc6625817ef66ec0502125dd93f0ae4
C114	114	4	5	4	R	violet_typewritten	R	legible		[2266, 1370, 2342, 1560]	sources/raw/HC696_original.jpg	2dc894dd0aaa745eb5c7ba6155b653038cc6625817ef66ec0502125dd93f0ae4
C115	115	4	5	5	C	violet_typewritten	C	legible		[2341, 1370, 2417, 1560]	sources/raw/HC696_original.jpg	2dc894dd0aaa745eb5c7ba6155b653038cc6625817ef66ec0502125dd93f0ae4
C116	116	4	6	1	C	violet_typewritten	C	legible		[2497, 1370, 2573, 1560]	sources/raw/HC696_original.jpg	2dc894dd0aaa745eb5c7ba6155b653038cc6625817ef66ec0502125dd93f0ae4
C117	117	4	6	2	P	violet_typewritten	P	legible		[2572, 1370, 2648, 1560]	sources/raw/HC696_original.jpg	2dc894dd0aaa745eb5c7ba6155b653038cc6625817ef66ec0502125dd93f0ae4
C118	118	4	6	3	N	violet_typewritten	N	legible		[2650, 1370, 2726, 1560]	sources/raw/HC696_original.jpg	2dc894dd0aaa745eb5c7ba6155b653038cc6625817ef66ec0502125dd93f0ae4
C119	119	4	6	4	L	violet_typewritten	L	legible		[2726, 1370, 2802, 1560]	sources/raw/HC696_original.jpg	2dc894dd0aaa745eb5c7ba6155b653038cc6625817ef66ec0502125dd93f0ae4
C120	120	4	6	5	M	violet_typewritten	M	legible		[2805, 1370, 2881, 1560]	sources/raw/HC696_original.jpg	2dc894dd0aaa745eb5c7ba6155b653038cc6625817ef66ec0502125dd93f0ae4
C121	121	5	1	1	M	violet_typewritten	M	legible		[200, 1590, 276, 1780]	sources/raw/HC696_original.jpg	2dc894dd0aaa745eb5c7ba6155b653038cc6625817ef66ec0502125dd93f0ae4
C122	122	5	1	2	Q	violet_typewritten	Q	legible		[278, 1590, 354, 1780]	sources/raw/HC696_original.jpg	2dc894dd0aaa745eb5c7ba6155b653038cc6625817ef66ec0502125dd93f0ae4
C123	123	5	1	3	N	violet_typewritten	N	legible		[357, 1590, 433, 1780]	sources/raw/HC696_original.jpg	2dc894dd0aaa745eb5c7ba6155b653038cc6625817ef66ec0502125dd93f0ae4
C124	124	5	1	4	S	violet_typewritten	S	legible		[435, 1590, 511, 1780]	sources/raw/HC696_original.jpg	2dc894dd0aaa745eb5c7ba6155b653038cc6625817ef66ec0502125dd93f0ae4
C125	125	5	1	5	D	violet_typewritten	D	legible		[512, 1590, 588, 1780]	sources/raw/HC696_original.jpg	2dc894dd0aaa745eb5c7ba6155b653038cc6625817ef66ec0502125dd93f0ae4
C126	126	5	2	1	M	violet_typewritten	M	legible		[666, 1590, 742, 1780]	sources/raw/HC696_original.jpg	2dc894dd0aaa745eb5c7ba6155b653038cc6625817ef66ec0502125dd93f0ae4
C127	127	5	2	2	L	violet_typewritten	L	legible		[739, 1590, 815, 1780]	sources/raw/HC696_original.jpg	2dc894dd0aaa745eb5c7ba6155b653038cc6625817ef66ec0502125dd93f0ae4
C128	128	5	2	3	W	violet_typewritten	W	legible		[817, 1590, 893, 1780]	sources/raw/HC696_original.jpg	2dc894dd0aaa745eb5c7ba6155b653038cc6625817ef66ec0502125dd93f0ae4
C129	129	5	2	4	M	violet_typewritten	M	legible		[895, 1590, 971, 1780]	sources/raw/HC696_original.jpg	2dc894dd0aaa745eb5c7ba6155b653038cc6625817ef66ec0502125dd93f0ae4
C130	130	5	2	5	K	violet_typewritten	K	legible		[970, 1590, 1046, 1780]	sources/raw/HC696_original.jpg	2dc894dd0aaa745eb5c7ba6155b653038cc6625817ef66ec0502125dd93f0ae4
C131	131	5	3	1	Z	violet_typewritten	Z	legible		[1119, 1590, 1195, 1780]	sources/raw/HC696_original.jpg	2dc894dd0aaa745eb5c7ba6155b653038cc6625817ef66ec0502125dd93f0ae4
C132	132	5	3	2	H	thick_dark_overlay		held_unidentified_occluded	E05	[1197, 1590, 1273, 1780]	sources/raw/HC696_original.jpg	2dc894dd0aaa745eb5c7ba6155b653038cc6625817ef66ec0502125dd93f0ae4
C133	133	5	3	3	K	violet_typewritten	K	legible		[1275, 1590, 1351, 1780]	sources/raw/HC696_original.jpg	2dc894dd0aaa745eb5c7ba6155b653038cc6625817ef66ec0502125dd93f0ae4
C134	134	5	3	4	H	violet_typewritten	H	legible		[1352, 1590, 1428, 1780]	sources/raw/HC696_original.jpg	2dc894dd0aaa745eb5c7ba6155b653038cc6625817ef66ec0502125dd93f0ae4
C135	135	5	3	5	L	violet_typewritten	L	legible		[1428, 1590, 1504, 1780]	sources/raw/HC696_original.jpg	2dc894dd0aaa745eb5c7ba6155b653038cc6625817ef66ec0502125dd93f0ae4
C136	136	5	4	1	E	violet_typewritten	E	legible		[1577, 1590, 1653, 1780]	sources/raw/HC696_original.jpg	2dc894dd0aaa745eb5c7ba6155b653038cc6625817ef66ec0502125dd93f0ae4
C137	137	5	4	2	N	violet_typewritten	N	legible		[1657, 1590, 1733, 1780]	sources/raw/HC696_original.jpg	2dc894dd0aaa745eb5c7ba6155b653038cc6625817ef66ec0502125dd93f0ae4
C138	138	5	4	3	X	violet_typewritten	X	legible		[1731, 1590, 1807, 1780]	sources/raw/HC696_original.jpg	2dc894dd0aaa745eb5c7ba6155b653038cc6625817ef66ec0502125dd93f0ae4
C139	139	5	4	4	J	violet_typewritten	J	legible		[1807, 1590, 1883, 1780]	sources/raw/HC696_original.jpg	2dc894dd0aaa745eb5c7ba6155b653038cc6625817ef66ec0502125dd93f0ae4
C140	140	5	4	5	I	violet_typewritten	I	legible		[1887, 1590, 1963, 1780]	sources/raw/HC696_original.jpg	2dc894dd0aaa745eb5c7ba6155b653038cc6625817ef66ec0502125dd93f0ae4
C141	141	5	5	1	V	violet_typewritten	V	legible		[2036, 1590, 2112, 1780]	sources/raw/HC696_original.jpg	2dc894dd0aaa745eb5c7ba6155b653038cc6625817ef66ec0502125dd93f0ae4
C142	142	5	5	2	K	violet_typewritten	K	legible		[2116, 1590, 2192, 1780]	sources/raw/HC696_original.jpg	2dc894dd0aaa745eb5c7ba6155b653038cc6625817ef66ec0502125dd93f0ae4
C143	143	5	5	3	P	violet_typewritten	P	legible		[2192, 1590, 2268, 1780]	sources/raw/HC696_original.jpg	2dc894dd0aaa745eb5c7ba6155b653038cc6625817ef66ec0502125dd93f0ae4
C144	144	5	5	4	M	violet_typewritten	M	legible		[2271, 1590, 2347, 1780]	sources/raw/HC696_original.jpg	2dc894dd0aaa745eb5c7ba6155b653038cc6625817ef66ec0502125dd93f0ae4
C145	145	5	5	5	W	violet_typewritten	W	legible		[2348, 1590, 2424, 1780]	sources/raw/HC696_original.jpg	2dc894dd0aaa745eb5c7ba6155b653038cc6625817ef66ec0502125dd93f0ae4
C146	146	5	6	1	A	violet_typewritten	A	legible		[2494, 1590, 2570, 1780]	sources/raw/HC696_original.jpg	2dc894dd0aaa745eb5c7ba6155b653038cc6625817ef66ec0502125dd93f0ae4
C147	147	5	6	2	S	violet_typewritten	S	legible		[2574, 1590, 2650, 1780]	sources/raw/HC696_original.jpg	2dc894dd0aaa745eb5c7ba6155b653038cc6625817ef66ec0502125dd93f0ae4
C148	148	5	6	3	S	violet_typewritten	S	legible		[2651, 1590, 2727, 1780]	sources/raw/HC696_original.jpg	2dc894dd0aaa745eb5c7ba6155b653038cc6625817ef66ec0502125dd93f0ae4
C149	149	5	6	4	H	violet_typewritten	H	legible		[2729, 1590, 2805, 1780]	sources/raw/HC696_original.jpg	2dc894dd0aaa745eb5c7ba6155b653038cc6625817ef66ec0502125dd93f0ae4
C150	150	5	6	5	I	violet_typewritten	I	legible	E18	[2807, 1590, 2883, 1780]	sources/raw/HC696_original.jpg	2dc894dd0aaa745eb5c7ba6155b653038cc6625817ef66ec0502125dd93f0ae4
C151	151	6	1	1	N	violet_typewritten	N	legible		[209, 1800, 285, 2000]	sources/raw/HC696_original.jpg	2dc894dd0aaa745eb5c7ba6155b653038cc6625817ef66ec0502125dd93f0ae4
C152	152	6	1	2	K	violet_typewritten	K	legible		[287, 1800, 363, 2000]	sources/raw/HC696_original.jpg	2dc894dd0aaa745eb5c7ba6155b653038cc6625817ef66ec0502125dd93f0ae4
C153	153	6	1	3	D	violet_typewritten	D	legible	E12	[365, 1800, 441, 2000]	sources/raw/HC696_original.jpg	2dc894dd0aaa745eb5c7ba6155b653038cc6625817ef66ec0502125dd93f0ae4
C154	154	6	1	4	J	violet_typewritten	J	legible		[446, 1800, 522, 2000]	sources/raw/HC696_original.jpg	2dc894dd0aaa745eb5c7ba6155b653038cc6625817ef66ec0502125dd93f0ae4
C155	155	6	1	5	R	violet_typewritten	R	legible		[523, 1800, 599, 2000]	sources/raw/HC696_original.jpg	2dc894dd0aaa745eb5c7ba6155b653038cc6625817ef66ec0502125dd93f0ae4
C156	156	6	2	1	Z	violet_typewritten	Z	legible		[681, 1800, 757, 2000]	sources/raw/HC696_original.jpg	2dc894dd0aaa745eb5c7ba6155b653038cc6625817ef66ec0502125dd93f0ae4
C157	157	6	2	2	C	violet_typewritten	C	legible		[759, 1800, 835, 2000]	sources/raw/HC696_original.jpg	2dc894dd0aaa745eb5c7ba6155b653038cc6625817ef66ec0502125dd93f0ae4
C158	158	6	2	3	W	violet_typewritten	W	legible		[835, 1800, 911, 2000]	sources/raw/HC696_original.jpg	2dc894dd0aaa745eb5c7ba6155b653038cc6625817ef66ec0502125dd93f0ae4
C159	159	6	2	4	J	violet_typewritten	J	legible		[911, 1800, 987, 2000]	sources/raw/HC696_original.jpg	2dc894dd0aaa745eb5c7ba6155b653038cc6625817ef66ec0502125dd93f0ae4
C160	160	6	2	5	T	violet_typewritten	T	legible		[992, 1800, 1068, 2000]	sources/raw/HC696_original.jpg	2dc894dd0aaa745eb5c7ba6155b653038cc6625817ef66ec0502125dd93f0ae4
C161	161	6	3	1	B	violet_typewritten	B	legible		[1132, 1800, 1208, 2000]	sources/raw/HC696_original.jpg	2dc894dd0aaa745eb5c7ba6155b653038cc6625817ef66ec0502125dd93f0ae4
C162	162	6	3	2	F	violet_typewritten	F	legible		[1210, 1800, 1286, 2000]	sources/raw/HC696_original.jpg	2dc894dd0aaa745eb5c7ba6155b653038cc6625817ef66ec0502125dd93f0ae4
C163	163	6	3	3	P	violet_typewritten	P	legible		[1288, 1800, 1364, 2000]	sources/raw/HC696_original.jpg	2dc894dd0aaa745eb5c7ba6155b653038cc6625817ef66ec0502125dd93f0ae4
C164	164	6	3	4	N	violet_typewritten	N	legible		[1369, 1800, 1445, 2000]	sources/raw/HC696_original.jpg	2dc894dd0aaa745eb5c7ba6155b653038cc6625817ef66ec0502125dd93f0ae4
C165	165	6	3	5	G	violet_typewritten	G	legible		[1445, 1800, 1521, 2000]	sources/raw/HC696_original.jpg	2dc894dd0aaa745eb5c7ba6155b653038cc6625817ef66ec0502125dd93f0ae4
C166	166	6	4	1	B	violet_typewritten	B	legible		[1582, 1800, 1658, 2000]	sources/raw/HC696_original.jpg	2dc894dd0aaa745eb5c7ba6155b653038cc6625817ef66ec0502125dd93f0ae4
C167	167	6	4	2	Q	violet_typewritten	Q	legible		[1658, 1800, 1734, 2000]	sources/raw/HC696_original.jpg	2dc894dd0aaa745eb5c7ba6155b653038cc6625817ef66ec0502125dd93f0ae4
C168	168	6	4	3	Z	violet_typewritten	Z	legible		[1735, 1800, 1811, 2000]	sources/raw/HC696_original.jpg	2dc894dd0aaa745eb5c7ba6155b653038cc6625817ef66ec0502125dd93f0ae4
C169	169	6	4	4	G	violet_typewritten	G	legible		[1812, 1800, 1888, 2000]	sources/raw/HC696_original.jpg	2dc894dd0aaa745eb5c7ba6155b653038cc6625817ef66ec0502125dd93f0ae4
C170	170	6	4	5	P	violet_typewritten	P	legible		[1891, 1800, 1967, 2000]	sources/raw/HC696_original.jpg	2dc894dd0aaa745eb5c7ba6155b653038cc6625817ef66ec0502125dd93f0ae4
C171	171	6	5	1	H	violet_typewritten	H	legible		[2040, 1800, 2116, 2000]	sources/raw/HC696_original.jpg	2dc894dd0aaa745eb5c7ba6155b653038cc6625817ef66ec0502125dd93f0ae4
C172	172	6	5	2	W	thick_dark_overlay		held_unidentified_occluded	E06	[2117, 1800, 2193, 2000]	sources/raw/HC696_original.jpg	2dc894dd0aaa745eb5c7ba6155b653038cc6625817ef66ec0502125dd93f0ae4
C173	173	6	5	3	Z	violet_typewritten	Z	legible		[2193, 1800, 2269, 2000]	sources/raw/HC696_original.jpg	2dc894dd0aaa745eb5c7ba6155b653038cc6625817ef66ec0502125dd93f0ae4
C174	174	6	5	4	Y	violet_typewritten	Y	legible		[2271, 1800, 2347, 2000]	sources/raw/HC696_original.jpg	2dc894dd0aaa745eb5c7ba6155b653038cc6625817ef66ec0502125dd93f0ae4
C175	175	6	5	5	O	violet_typewritten	O	legible		[2352, 1800, 2428, 2000]	sources/raw/HC696_original.jpg	2dc894dd0aaa745eb5c7ba6155b653038cc6625817ef66ec0502125dd93f0ae4
C176	176	6	6	1	E	violet_typewritten	E	legible		[2501, 1800, 2577, 2000]	sources/raw/HC696_original.jpg	2dc894dd0aaa745eb5c7ba6155b653038cc6625817ef66ec0502125dd93f0ae4
C177	177	6	6	2	K	violet_typewritten	K	legible		[2578, 1800, 2654, 2000]	sources/raw/HC696_original.jpg	2dc894dd0aaa745eb5c7ba6155b653038cc6625817ef66ec0502125dd93f0ae4
C178	178	6	6	3	N	violet_typewritten	N	legible		[2656, 1800, 2732, 2000]	sources/raw/HC696_original.jpg	2dc894dd0aaa745eb5c7ba6155b653038cc6625817ef66ec0502125dd93f0ae4
C179	179	6	6	4	C	violet_typewritten	C	legible		[2732, 1800, 2808, 2000]	sources/raw/HC696_original.jpg	2dc894dd0aaa745eb5c7ba6155b653038cc6625817ef66ec0502125dd93f0ae4
C180	180	6	6	5	L	violet_typewritten	L	legible		[2810, 1800, 2886, 2000]	sources/raw/HC696_original.jpg	2dc894dd0aaa745eb5c7ba6155b653038cc6625817ef66ec0502125dd93f0ae4
