row,column,cutout,cutout_type,native_cell_polygon_xy,native_crop_box_xyxy,path,source_sha256,pencil_or_dark_notation_observation
1,1,True,missing_upper_left_corner,"[[2089.0, 784.0], [2235.17, 782.17], [2234.08, 928.25], [2088.5, 930.0]]","[2085, 779, 2239, 934]",sources/inspection/cold_source_v1/grille_cell_r1_c1_native.png,4414909e4f5e14487850a89c0ae498d68d175c45da8d89fe7f9946fea9f63fb7,
1,2,False,,"[[2235.17, 782.17], [2381.33, 780.33], [2379.67, 926.5], [2234.08, 928.25]]","[2231, 777, 2385, 932]",sources/inspection/cold_source_v1/grille_cell_r1_c2_native.png,4414909e4f5e14487850a89c0ae498d68d175c45da8d89fe7f9946fea9f63fb7,Faint loop/stem pencil mark; value unknown.
1,3,False,,"[[2381.33, 780.33], [2527.5, 778.5], [2525.25, 924.75], [2379.67, 926.5]]","[2376, 775, 2531, 930]",sources/inspection/cold_source_v1/grille_cell_r1_c3_native.png,4414909e4f5e14487850a89c0ae498d68d175c45da8d89fe7f9946fea9f63fb7,Dark Roman I with dot/bar and faint pencil marks.
1,4,True,top_edge_notch,"[[2527.5, 778.5], [2673.67, 776.67], [2670.83, 923.0], [2525.25, 924.75]]","[2522, 773, 2677, 928]",sources/inspection/cold_source_v1/grille_cell_r1_c4_native.png,4414909e4f5e14487850a89c0ae498d68d175c45da8d89fe7f9946fea9f63fb7,
1,5,False,,"[[2673.67, 776.67], [2819.83, 774.83], [2816.42, 921.25], [2670.83, 923.0]]","[2667, 771, 2823, 927]",sources/inspection/cold_source_v1/grille_cell_r1_c5_native.png,4414909e4f5e14487850a89c0ae498d68d175c45da8d89fe7f9946fea9f63fb7,Faint pencil stroke; value unknown.
1,6,False,,"[[2819.83, 774.83], [2966.0, 773.0], [2962.0, 919.5], [2816.42, 921.25]]","[2813, 770, 2970, 925]",sources/inspection/cold_source_v1/grille_cell_r1_c6_native.png,4414909e4f5e14487850a89c0ae498d68d175c45da8d89fe7f9946fea9f63fb7,Faint branching pencil stroke; value unknown.
2,1,False,,"[[2088.5, 930.0], [2234.08, 928.25], [2233.0, 1074.33], [2088.0, 1076.0]]","[2085, 925, 2238, 1080]",sources/inspection/cold_source_v1/grille_cell_r2_c1_native.png,4414909e4f5e14487850a89c0ae498d68d175c45da8d89fe7f9946fea9f63fb7,Faint 4-like pencil shape; no numeric value assigned.
2,2,True,interior_two_cell_opening,"[[2234.08, 928.25], [2379.67, 926.5], [2378.0, 1072.67], [2233.0, 1074.33]]","[2230, 923, 2383, 1078]",sources/inspection/cold_source_v1/grille_cell_r2_c2_native.png,4414909e4f5e14487850a89c0ae498d68d175c45da8d89fe7f9946fea9f63fb7,
2,3,False,,"[[2379.67, 926.5], [2525.25, 924.75], [2523.0, 1071.0], [2378.0, 1072.67]]","[2375, 921, 2529, 1076]",sources/inspection/cold_source_v1/grille_cell_r2_c3_native.png,4414909e4f5e14487850a89c0ae498d68d175c45da8d89fe7f9946fea9f63fb7,Faint cross/stem pencil shape; unknown.
2,4,False,,"[[2525.25, 924.75], [2670.83, 923.0], [2668.0, 1069.33], [2523.0, 1071.0]]","[2520, 920, 2674, 1075]",sources/inspection/cold_source_v1/grille_cell_r2_c4_native.png,4414909e4f5e14487850a89c0ae498d68d175c45da8d89fe7f9946fea9f63fb7,"Dark central 144 inscription partly occupies this cell, upside down in page view."
2,5,False,,"[[2670.83, 923.0], [2816.42, 921.25], [2813.0, 1067.67], [2668.0, 1069.33]]","[2665, 918, 2820, 1073]",sources/inspection/cold_source_v1/grille_cell_r2_c5_native.png,4414909e4f5e14487850a89c0ae498d68d175c45da8d89fe7f9946fea9f63fb7,Faint cross/stem pencil marking; unknown.
2,6,True,right_edge_notch,"[[2816.42, 921.25], [2962.0, 919.5], [2958.0, 1066.0], [2813.0, 1067.67]]","[2810, 916, 2966, 1071]",sources/inspection/cold_source_v1/grille_cell_r2_c6_native.png,4414909e4f5e14487850a89c0ae498d68d175c45da8d89fe7f9946fea9f63fb7,
3,1,False,,"[[2088.0, 1076.0], [2233.0, 1074.33], [2231.92, 1220.42], [2087.5, 1222.0]]","[2084, 1071, 2237, 1226]",sources/inspection/cold_source_v1/grille_cell_r3_c1_native.png,4414909e4f5e14487850a89c0ae498d68d175c45da8d89fe7f9946fea9f63fb7,Faint line/slash near ruling; annotation-versus-ruling uncertain.
3,2,True,interior_two_cell_opening,"[[2233.0, 1074.33], [2378.0, 1072.67], [2376.33, 1218.83], [2231.92, 1220.42]]","[2228, 1069, 2382, 1224]",sources/inspection/cold_source_v1/grille_cell_r3_c2_native.png,4414909e4f5e14487850a89c0ae498d68d175c45da8d89fe7f9946fea9f63fb7,
3,3,False,,"[[2378.0, 1072.67], [2523.0, 1071.0], [2520.75, 1217.25], [2376.33, 1218.83]]","[2373, 1068, 2527, 1222]",sources/inspection/cold_source_v1/grille_cell_r3_c3_native.png,4414909e4f5e14487850a89c0ae498d68d175c45da8d89fe7f9946fea9f63fb7,Central dark word inscription crosses this cell.
3,4,False,,"[[2523.0, 1071.0], [2668.0, 1069.33], [2665.17, 1215.67], [2520.75, 1217.25]]","[2517, 1066, 2672, 1221]",sources/inspection/cold_source_v1/grille_cell_r3_c4_native.png,4414909e4f5e14487850a89c0ae498d68d175c45da8d89fe7f9946fea9f63fb7,Central dark word inscription crosses this cell.
3,5,True,interior_single_cell_opening,"[[2668.0, 1069.33], [2813.0, 1067.67], [2809.58, 1214.08], [2665.17, 1215.67]]","[2662, 1064, 2817, 1219]",sources/inspection/cold_source_v1/grille_cell_r3_c5_native.png,4414909e4f5e14487850a89c0ae498d68d175c45da8d89fe7f9946fea9f63fb7,
3,6,False,,"[[2813.0, 1067.67], [2958.0, 1066.0], [2954.0, 1212.5], [2809.58, 1214.08]]","[2806, 1063, 2962, 1218]",sources/inspection/cold_source_v1/grille_cell_r3_c6_native.png,4414909e4f5e14487850a89c0ae498d68d175c45da8d89fe7f9946fea9f63fb7,Faint U-shaped pencil mark; unknown.
4,1,False,,"[[2087.5, 1222.0], [2231.92, 1220.42], [2230.83, 1366.5], [2087.0, 1368.0]]","[2084, 1217, 2235, 1372]",sources/inspection/cold_source_v1/grille_cell_r4_c1_native.png,4414909e4f5e14487850a89c0ae498d68d175c45da8d89fe7f9946fea9f63fb7,Roman II mark partly crosses this cell; faint pencil markings.
4,2,False,,"[[2231.92, 1220.42], [2376.33, 1218.83], [2374.67, 1365.0], [2230.83, 1366.5]]","[2227, 1215, 2380, 1370]",sources/inspection/cold_source_v1/grille_cell_r4_c2_native.png,4414909e4f5e14487850a89c0ae498d68d175c45da8d89fe7f9946fea9f63fb7,Faint curled pencil mark; unknown.
4,3,False,,"[[2376.33, 1218.83], [2520.75, 1217.25], [2518.5, 1363.5], [2374.67, 1365.0]]","[2371, 1214, 2524, 1369]",sources/inspection/cold_source_v1/grille_cell_r4_c3_native.png,4414909e4f5e14487850a89c0ae498d68d175c45da8d89fe7f9946fea9f63fb7,Faint loop/cross pencil mark; unknown.
4,4,True,interior_single_cell_opening,"[[2520.75, 1217.25], [2665.17, 1215.67], [2662.33, 1362.0], [2518.5, 1363.5]]","[2515, 1212, 2669, 1367]",sources/inspection/cold_source_v1/grille_cell_r4_c4_native.png,4414909e4f5e14487850a89c0ae498d68d175c45da8d89fe7f9946fea9f63fb7,
4,5,False,,"[[2665.17, 1215.67], [2809.58, 1214.08], [2806.17, 1360.5], [2662.33, 1362.0]]","[2659, 1211, 2813, 1366]",sources/inspection/cold_source_v1/grille_cell_r4_c5_native.png,4414909e4f5e14487850a89c0ae498d68d175c45da8d89fe7f9946fea9f63fb7,Faint P-like pencil shape; no letter value assigned.
4,6,False,,"[[2809.58, 1214.08], [2954.0, 1212.5], [2950.0, 1359.0], [2806.17, 1360.5]]","[2803, 1209, 2958, 1364]",sources/inspection/cold_source_v1/grille_cell_r4_c6_native.png,4414909e4f5e14487850a89c0ae498d68d175c45da8d89fe7f9946fea9f63fb7,Dark Roman IV and faint pencil ink.
5,1,False,,"[[2087.0, 1368.0], [2230.83, 1366.5], [2229.75, 1512.58], [2086.5, 1514.0]]","[2083, 1363, 2234, 1518]",sources/inspection/cold_source_v1/grille_cell_r5_c1_native.png,4414909e4f5e14487850a89c0ae498d68d175c45da8d89fe7f9946fea9f63fb7,Roman II lower stroke and faint crossed pencil shape.
5,2,False,,"[[2230.83, 1366.5], [2374.67, 1365.0], [2373.0, 1511.17], [2229.75, 1512.58]]","[2226, 1362, 2378, 1516]",sources/inspection/cold_source_v1/grille_cell_r5_c2_native.png,4414909e4f5e14487850a89c0ae498d68d175c45da8d89fe7f9946fea9f63fb7,Faint L-like pencil shape; no letter value assigned.
5,3,False,,"[[2374.67, 1365.0], [2518.5, 1363.5], [2516.25, 1509.75], [2373.0, 1511.17]]","[2370, 1360, 2522, 1515]",sources/inspection/cold_source_v1/grille_cell_r5_c3_native.png,4414909e4f5e14487850a89c0ae498d68d175c45da8d89fe7f9946fea9f63fb7,Faint hooked pencil shape; unknown.
5,4,False,,"[[2518.5, 1363.5], [2662.33, 1362.0], [2659.5, 1508.33], [2516.25, 1509.75]]","[2513, 1359, 2666, 1513]",sources/inspection/cold_source_v1/grille_cell_r5_c4_native.png,4414909e4f5e14487850a89c0ae498d68d175c45da8d89fe7f9946fea9f63fb7,Faint 9-like pencil shape; no numeric value assigned.
5,5,False,,"[[2662.33, 1362.0], [2806.17, 1360.5], [2802.75, 1506.92], [2659.5, 1508.33]]","[2656, 1357, 2810, 1512]",sources/inspection/cold_source_v1/grille_cell_r5_c5_native.png,4414909e4f5e14487850a89c0ae498d68d175c45da8d89fe7f9946fea9f63fb7,Faint angled pencil shape; unknown.
5,6,False,,"[[2806.17, 1360.5], [2950.0, 1359.0], [2946.0, 1505.5], [2802.75, 1506.92]]","[2799, 1356, 2954, 1510]",sources/inspection/cold_source_v1/grille_cell_r5_c6_native.png,4414909e4f5e14487850a89c0ae498d68d175c45da8d89fe7f9946fea9f63fb7,Faint stem/loop pencil shape; unknown.
6,1,False,,"[[2086.5, 1514.0], [2229.75, 1512.58], [2228.67, 1658.67], [2086.0, 1660.0]]","[2083, 1509, 2233, 1664]",sources/inspection/cold_source_v1/grille_cell_r6_c1_native.png,4414909e4f5e14487850a89c0ae498d68d175c45da8d89fe7f9946fea9f63fb7,Faint crossed pencil strokes; unknown.
6,2,True,bottom_edge_notch,"[[2229.75, 1512.58], [2373.0, 1511.17], [2371.33, 1657.33], [2228.67, 1658.67]]","[2225, 1508, 2377, 1662]",sources/inspection/cold_source_v1/grille_cell_r6_c2_native.png,4414909e4f5e14487850a89c0ae498d68d175c45da8d89fe7f9946fea9f63fb7,
6,3,False,,"[[2373.0, 1511.17], [2516.25, 1509.75], [2514.0, 1656.0], [2371.33, 1657.33]]","[2368, 1506, 2520, 1661]",sources/inspection/cold_source_v1/grille_cell_r6_c3_native.png,4414909e4f5e14487850a89c0ae498d68d175c45da8d89fe7f9946fea9f63fb7,Faint fork/cross pencil strokes; unknown.
6,4,True,bottom_edge_notch,"[[2516.25, 1509.75], [2659.5, 1508.33], [2656.67, 1654.67], [2514.0, 1656.0]]","[2511, 1505, 2663, 1660]",sources/inspection/cold_source_v1/grille_cell_r6_c4_native.png,4414909e4f5e14487850a89c0ae498d68d175c45da8d89fe7f9946fea9f63fb7,
6,5,False,,"[[2659.5, 1508.33], [2802.75, 1506.92], [2799.33, 1653.33], [2656.67, 1654.67]]","[2653, 1503, 2806, 1658]",sources/inspection/cold_source_v1/grille_cell_r6_c5_native.png,4414909e4f5e14487850a89c0ae498d68d175c45da8d89fe7f9946fea9f63fb7,Dark Roman III and faint pencil ink.
6,6,False,,"[[2802.75, 1506.92], [2946.0, 1505.5], [2942.0, 1652.0], [2799.33, 1653.33]]","[2796, 1502, 2950, 1657]",sources/inspection/cold_source_v1/grille_cell_r6_c6_native.png,4414909e4f5e14487850a89c0ae498d68d175c45da8d89fe7f9946fea9f63fb7,Faint angled/curl pencil mark; unknown.
