raw_placement_index_1based,active_index_1based,typed_row_1based,source_group_in_row_1based,physical_offset_in_group_1based,ASCII_final_visible,source_role,native_box_xyxy,source_sha256,underlay_ASCII,uncertainty
1,1,1,1,1,D,violet_typewritten_ASCII,"[257, 545, 342, 690]",8d2933d6bf57534b19c8a71140144345f8680b471f31e5f24eec80270c9dae6c,D,
2,2,1,1,2,N,violet_typewritten_ASCII,"[330, 545, 415, 690]",8d2933d6bf57534b19c8a71140144345f8680b471f31e5f24eec80270c9dae6c,N,
3,3,1,1,3,E,violet_typewritten_ASCII,"[400, 545, 485, 690]",8d2933d6bf57534b19c8a71140144345f8680b471f31e5f24eec80270c9dae6c,E,
4,4,1,1,4,I,violet_typewritten_ASCII,"[474, 545, 559, 690]",8d2933d6bf57534b19c8a71140144345f8680b471f31e5f24eec80270c9dae6c,I,
5,5,1,1,5,R,violet_typewritten_ASCII,"[549, 545, 634, 690]",8d2933d6bf57534b19c8a71140144345f8680b471f31e5f24eec80270c9dae6c,R,
6,6,1,2,1,E,violet_typewritten_ASCII,"[699, 545, 784, 690]",8d2933d6bf57534b19c8a71140144345f8680b471f31e5f24eec80270c9dae6c,E,
7,7,1,2,2,N,violet_typewritten_ASCII,"[775, 545, 860, 690]",8d2933d6bf57534b19c8a71140144345f8680b471f31e5f24eec80270c9dae6c,N,
8,8,1,2,3,E,violet_typewritten_ASCII,"[846, 545, 931, 690]",8d2933d6bf57534b19c8a71140144345f8680b471f31e5f24eec80270c9dae6c,E,
9,9,1,2,4,S,violet_typewritten_ASCII,"[921, 545, 1006, 690]",8d2933d6bf57534b19c8a71140144345f8680b471f31e5f24eec80270c9dae6c,S,
10,10,1,2,5,A,violet_typewritten_ASCII,"[995, 545, 1080, 690]",8d2933d6bf57534b19c8a71140144345f8680b471f31e5f24eec80270c9dae6c,A,
11,11,1,3,1,N,violet_typewritten_ASCII,"[1139, 545, 1224, 690]",8d2933d6bf57534b19c8a71140144345f8680b471f31e5f24eec80270c9dae6c,N,
12,12,1,3,2,S,violet_typewritten_ASCII,"[1210, 545, 1295, 690]",8d2933d6bf57534b19c8a71140144345f8680b471f31e5f24eec80270c9dae6c,S,
13,13,1,3,3,I,violet_typewritten_ASCII,"[1285, 545, 1370, 690]",8d2933d6bf57534b19c8a71140144345f8680b471f31e5f24eec80270c9dae6c,I,
14,14,1,3,4,C,violet_typewritten_ASCII,"[1357, 545, 1442, 690]",8d2933d6bf57534b19c8a71140144345f8680b471f31e5f24eec80270c9dae6c,C,
15,15,1,3,5,I,violet_typewritten_ASCII,"[1435, 545, 1520, 690]",8d2933d6bf57534b19c8a71140144345f8680b471f31e5f24eec80270c9dae6c,I,
16,16,1,4,1,C,violet_typewritten_ASCII,"[1576, 545, 1661, 690]",8d2933d6bf57534b19c8a71140144345f8680b471f31e5f24eec80270c9dae6c,C,
17,17,1,4,2,H,violet_typewritten_ASCII,"[1656, 545, 1741, 690]",8d2933d6bf57534b19c8a71140144345f8680b471f31e5f24eec80270c9dae6c,H,
18,18,1,4,3,H,violet_typewritten_ASCII,"[1730, 545, 1815, 690]",8d2933d6bf57534b19c8a71140144345f8680b471f31e5f24eec80270c9dae6c,H,
19,19,1,4,4,G,violet_typewritten_ASCII,"[1805, 545, 1890, 690]",8d2933d6bf57534b19c8a71140144345f8680b471f31e5f24eec80270c9dae6c,G,
20,20,1,4,5,C,violet_typewritten_ASCII,"[1877, 545, 1962, 690]",8d2933d6bf57534b19c8a71140144345f8680b471f31e5f24eec80270c9dae6c,C,
21,21,1,5,1,R,violet_typewritten_ASCII,"[2015, 545, 2100, 690]",8d2933d6bf57534b19c8a71140144345f8680b471f31e5f24eec80270c9dae6c,R,
22,22,1,5,2,W,violet_typewritten_ASCII,"[2089, 545, 2174, 690]",8d2933d6bf57534b19c8a71140144345f8680b471f31e5f24eec80270c9dae6c,W,
23,23,1,5,3,H,violet_typewritten_ASCII,"[2164, 545, 2249, 690]",8d2933d6bf57534b19c8a71140144345f8680b471f31e5f24eec80270c9dae6c,H,
24,24,1,5,4,I,violet_typewritten_ASCII,"[2237, 545, 2322, 690]",8d2933d6bf57534b19c8a71140144345f8680b471f31e5f24eec80270c9dae6c,I,
25,25,1,5,5,T,violet_typewritten_ASCII,"[2312, 545, 2397, 690]",8d2933d6bf57534b19c8a71140144345f8680b471f31e5f24eec80270c9dae6c,T,
26,26,1,6,1,G,violet_typewritten_ASCII,"[2455, 545, 2540, 690]",8d2933d6bf57534b19c8a71140144345f8680b471f31e5f24eec80270c9dae6c,G,
27,27,1,6,2,E,violet_typewritten_ASCII,"[2532, 545, 2617, 690]",8d2933d6bf57534b19c8a71140144345f8680b471f31e5f24eec80270c9dae6c,E,
28,28,1,6,3,F,visible_black_F_overlay_over_violet_unknown,"[2603, 545, 2688, 690]",8d2933d6bf57534b19c8a71140144345f8680b471f31e5f24eec80270c9dae6c,,Previous violet character under the black F is not independently identifiable; final visible F is legible.
29,29,1,6,4,E,violet_typewritten_ASCII,"[2680, 545, 2765, 690]",8d2933d6bf57534b19c8a71140144345f8680b471f31e5f24eec80270c9dae6c,E,
30,30,1,6,5,G,violet_typewritten_ASCII,"[2752, 545, 2837, 690]",8d2933d6bf57534b19c8a71140144345f8680b471f31e5f24eec80270c9dae6c,G,
31,31,2,1,1,E,violet_typewritten_ASCII,"[260, 735, 345, 875]",8d2933d6bf57534b19c8a71140144345f8680b471f31e5f24eec80270c9dae6c,E,
32,32,2,1,2,E,violet_typewritten_ASCII,"[333, 735, 418, 875]",8d2933d6bf57534b19c8a71140144345f8680b471f31e5f24eec80270c9dae6c,E,
33,33,2,1,3,T,violet_typewritten_ASCII,"[403, 735, 488, 875]",8d2933d6bf57534b19c8a71140144345f8680b471f31e5f24eec80270c9dae6c,T,
34,34,2,1,4,R,violet_typewritten_ASCII,"[477, 735, 562, 875]",8d2933d6bf57534b19c8a71140144345f8680b471f31e5f24eec80270c9dae6c,R,
35,35,2,1,5,F,violet_typewritten_ASCII,"[552, 735, 637, 875]",8d2933d6bf57534b19c8a71140144345f8680b471f31e5f24eec80270c9dae6c,F,
36,36,2,2,1,E,violet_typewritten_ASCII,"[702, 735, 787, 875]",8d2933d6bf57534b19c8a71140144345f8680b471f31e5f24eec80270c9dae6c,E,
37,37,2,2,2,N,violet_typewritten_ASCII,"[778, 735, 863, 875]",8d2933d6bf57534b19c8a71140144345f8680b471f31e5f24eec80270c9dae6c,N,
38,38,2,2,3,N,violet_typewritten_ASCII,"[849, 735, 934, 875]",8d2933d6bf57534b19c8a71140144345f8680b471f31e5f24eec80270c9dae6c,N,
39,39,2,2,4,I,violet_typewritten_ASCII,"[924, 735, 1009, 875]",8d2933d6bf57534b19c8a71140144345f8680b471f31e5f24eec80270c9dae6c,I,
40,40,2,2,5,D,violet_typewritten_ASCII,"[998, 735, 1083, 875]",8d2933d6bf57534b19c8a71140144345f8680b471f31e5f24eec80270c9dae6c,D,
41,41,2,3,1,G,violet_typewritten_ASCII,"[1142, 735, 1227, 875]",8d2933d6bf57534b19c8a71140144345f8680b471f31e5f24eec80270c9dae6c,G,
42,42,2,3,2,N,violet_typewritten_ASCII,"[1213, 735, 1298, 875]",8d2933d6bf57534b19c8a71140144345f8680b471f31e5f24eec80270c9dae6c,N,
43,43,2,3,3,U,violet_typewritten_ASCII,"[1288, 735, 1373, 875]",8d2933d6bf57534b19c8a71140144345f8680b471f31e5f24eec80270c9dae6c,U,
44,44,2,3,4,I,violet_typewritten_ASCII,"[1360, 735, 1445, 875]",8d2933d6bf57534b19c8a71140144345f8680b471f31e5f24eec80270c9dae6c,I,
45,45,2,3,5,L,violet_typewritten_ASCII,"[1438, 735, 1523, 875]",8d2933d6bf57534b19c8a71140144345f8680b471f31e5f24eec80270c9dae6c,L,
46,46,2,4,1,N,violet_typewritten_ASCII,"[1579, 735, 1664, 875]",8d2933d6bf57534b19c8a71140144345f8680b471f31e5f24eec80270c9dae6c,N,
47,47,2,4,2,D,violet_typewritten_ASCII,"[1659, 735, 1744, 875]",8d2933d6bf57534b19c8a71140144345f8680b471f31e5f24eec80270c9dae6c,D,
48,48,2,4,3,E,violet_typewritten_ASCII,"[1733, 735, 1818, 875]",8d2933d6bf57534b19c8a71140144345f8680b471f31e5f24eec80270c9dae6c,E,
49,49,2,4,4,A,violet_typewritten_ASCII,"[1808, 735, 1893, 875]",8d2933d6bf57534b19c8a71140144345f8680b471f31e5f24eec80270c9dae6c,A,
50,50,2,4,5,L,violet_typewritten_ASCII,"[1880, 735, 1965, 875]",8d2933d6bf57534b19c8a71140144345f8680b471f31e5f24eec80270c9dae6c,L,
51,51,2,5,1,E,violet_typewritten_ASCII,"[2018, 735, 2103, 875]",8d2933d6bf57534b19c8a71140144345f8680b471f31e5f24eec80270c9dae6c,E,
52,52,2,5,2,G,violet_typewritten_ASCII,"[2092, 735, 2177, 875]",8d2933d6bf57534b19c8a71140144345f8680b471f31e5f24eec80270c9dae6c,G,
53,53,2,5,3,O,violet_typewritten_ASCII,"[2167, 735, 2252, 875]",8d2933d6bf57534b19c8a71140144345f8680b471f31e5f24eec80270c9dae6c,O,
54,54,2,5,4,E,violet_typewritten_ASCII,"[2240, 735, 2325, 875]",8d2933d6bf57534b19c8a71140144345f8680b471f31e5f24eec80270c9dae6c,E,
55,55,2,5,5,S,violet_typewritten_ASCII,"[2315, 735, 2400, 875]",8d2933d6bf57534b19c8a71140144345f8680b471f31e5f24eec80270c9dae6c,S,
56,56,2,6,1,H,violet_typewritten_ASCII,"[2458, 735, 2543, 875]",8d2933d6bf57534b19c8a71140144345f8680b471f31e5f24eec80270c9dae6c,H,
57,57,2,6,2,O,violet_typewritten_ASCII,"[2535, 735, 2620, 875]",8d2933d6bf57534b19c8a71140144345f8680b471f31e5f24eec80270c9dae6c,O,
58,58,2,6,3,N,violet_typewritten_ASCII,"[2606, 735, 2691, 875]",8d2933d6bf57534b19c8a71140144345f8680b471f31e5f24eec80270c9dae6c,N,
59,59,2,6,4,A,violet_typewritten_ASCII,"[2683, 735, 2768, 875]",8d2933d6bf57534b19c8a71140144345f8680b471f31e5f24eec80270c9dae6c,A,
60,60,2,6,5,N,violet_typewritten_ASCII,"[2755, 735, 2840, 875]",8d2933d6bf57534b19c8a71140144345f8680b471f31e5f24eec80270c9dae6c,N,
61,61,3,1,1,F,violet_typewritten_ASCII,"[263, 920, 348, 1060]",8d2933d6bf57534b19c8a71140144345f8680b471f31e5f24eec80270c9dae6c,F,
62,62,3,1,2,D,violet_typewritten_ASCII,"[336, 920, 421, 1060]",8d2933d6bf57534b19c8a71140144345f8680b471f31e5f24eec80270c9dae6c,D,
63,63,3,1,3,E,violet_typewritten_ASCII,"[406, 920, 491, 1060]",8d2933d6bf57534b19c8a71140144345f8680b471f31e5f24eec80270c9dae6c,E,
64,64,3,1,4,S,violet_typewritten_ASCII,"[480, 920, 565, 1060]",8d2933d6bf57534b19c8a71140144345f8680b471f31e5f24eec80270c9dae6c,S,
65,65,3,1,5,E,violet_typewritten_ASCII,"[555, 920, 640, 1060]",8d2933d6bf57534b19c8a71140144345f8680b471f31e5f24eec80270c9dae6c,E,
66,66,3,2,1,R,violet_typewritten_ASCII,"[705, 920, 790, 1060]",8d2933d6bf57534b19c8a71140144345f8680b471f31e5f24eec80270c9dae6c,R,
67,67,3,2,2,B,violet_typewritten_ASCII,"[781, 920, 866, 1060]",8d2933d6bf57534b19c8a71140144345f8680b471f31e5f24eec80270c9dae6c,B,
68,68,3,2,3,D,violet_typewritten_ASCII,"[852, 920, 937, 1060]",8d2933d6bf57534b19c8a71140144345f8680b471f31e5f24eec80270c9dae6c,D,
69,69,3,2,4,N,violet_typewritten_ASCII,"[927, 920, 1012, 1060]",8d2933d6bf57534b19c8a71140144345f8680b471f31e5f24eec80270c9dae6c,N,
70,70,3,2,5,O,violet_typewritten_ASCII,"[1001, 920, 1086, 1060]",8d2933d6bf57534b19c8a71140144345f8680b471f31e5f24eec80270c9dae6c,O,
71,71,3,3,1,T,violet_typewritten_ASCII,"[1145, 920, 1230, 1060]",8d2933d6bf57534b19c8a71140144345f8680b471f31e5f24eec80270c9dae6c,T,
72,72,3,3,2,A,violet_typewritten_ASCII,"[1216, 920, 1301, 1060]",8d2933d6bf57534b19c8a71140144345f8680b471f31e5f24eec80270c9dae6c,A,
73,73,3,3,3,R,violet_typewritten_ASCII,"[1291, 920, 1376, 1060]",8d2933d6bf57534b19c8a71140144345f8680b471f31e5f24eec80270c9dae6c,R,
74,74,3,3,4,U,violet_typewritten_ASCII,"[1363, 920, 1448, 1060]",8d2933d6bf57534b19c8a71140144345f8680b471f31e5f24eec80270c9dae6c,U,
75,75,3,3,5,T,violet_typewritten_ASCII,"[1441, 920, 1526, 1060]",8d2933d6bf57534b19c8a71140144345f8680b471f31e5f24eec80270c9dae6c,T,
76,76,3,4,1,I,violet_typewritten_ASCII,"[1582, 920, 1667, 1060]",8d2933d6bf57534b19c8a71140144345f8680b471f31e5f24eec80270c9dae6c,I,
77,77,3,4,2,X,violet_typewritten_ASCII,"[1662, 920, 1747, 1060]",8d2933d6bf57534b19c8a71140144345f8680b471f31e5f24eec80270c9dae6c,X,
78,78,3,4,3,H,violet_typewritten_ASCII,"[1736, 920, 1821, 1060]",8d2933d6bf57534b19c8a71140144345f8680b471f31e5f24eec80270c9dae6c,H,
79,79,3,4,4,A,violet_typewritten_ASCII,"[1811, 920, 1896, 1060]",8d2933d6bf57534b19c8a71140144345f8680b471f31e5f24eec80270c9dae6c,A,
80,80,3,4,5,T,violet_typewritten_ASCII,"[1883, 920, 1968, 1060]",8d2933d6bf57534b19c8a71140144345f8680b471f31e5f24eec80270c9dae6c,T,
81,81,3,5,1,R,violet_typewritten_ASCII,"[2021, 920, 2106, 1060]",8d2933d6bf57534b19c8a71140144345f8680b471f31e5f24eec80270c9dae6c,R,
82,82,3,5,2,U,violet_typewritten_ASCII,"[2095, 920, 2180, 1060]",8d2933d6bf57534b19c8a71140144345f8680b471f31e5f24eec80270c9dae6c,U,
83,83,3,5,3,P,violet_typewritten_ASCII,"[2170, 920, 2255, 1060]",8d2933d6bf57534b19c8a71140144345f8680b471f31e5f24eec80270c9dae6c,P,
84,84,3,5,4,I,violet_typewritten_ASCII,"[2243, 920, 2328, 1060]",8d2933d6bf57534b19c8a71140144345f8680b471f31e5f24eec80270c9dae6c,I,
85,85,3,5,5,D,violet_typewritten_ASCII,"[2318, 920, 2403, 1060]",8d2933d6bf57534b19c8a71140144345f8680b471f31e5f24eec80270c9dae6c,D,
86,86,3,6,1,S,violet_typewritten_ASCII,"[2461, 920, 2546, 1060]",8d2933d6bf57534b19c8a71140144345f8680b471f31e5f24eec80270c9dae6c,S,
87,87,3,6,2,F,violet_typewritten_ASCII,"[2538, 920, 2623, 1060]",8d2933d6bf57534b19c8a71140144345f8680b471f31e5f24eec80270c9dae6c,F,
88,88,3,6,3,E,violet_typewritten_ASCII,"[2609, 920, 2694, 1060]",8d2933d6bf57534b19c8a71140144345f8680b471f31e5f24eec80270c9dae6c,E,
89,89,3,6,4,C,violet_typewritten_ASCII,"[2686, 920, 2771, 1060]",8d2933d6bf57534b19c8a71140144345f8680b471f31e5f24eec80270c9dae6c,C,
90,90,3,6,5,N,violet_typewritten_ASCII,"[2758, 920, 2843, 1060]",8d2933d6bf57534b19c8a71140144345f8680b471f31e5f24eec80270c9dae6c,N,
91,91,4,1,1,T,violet_typewritten_ASCII,"[266, 1100, 351, 1260]",8d2933d6bf57534b19c8a71140144345f8680b471f31e5f24eec80270c9dae6c,T,
92,92,4,1,2,E,violet_typewritten_ASCII,"[339, 1100, 424, 1260]",8d2933d6bf57534b19c8a71140144345f8680b471f31e5f24eec80270c9dae6c,E,
93,93,4,1,3,S,violet_typewritten_ASCII,"[409, 1100, 494, 1260]",8d2933d6bf57534b19c8a71140144345f8680b471f31e5f24eec80270c9dae6c,S,
94,94,4,1,4,H,violet_typewritten_ASCII,"[483, 1100, 568, 1260]",8d2933d6bf57534b19c8a71140144345f8680b471f31e5f24eec80270c9dae6c,H,
95,95,4,1,5,R,violet_typewritten_ASCII,"[558, 1100, 643, 1260]",8d2933d6bf57534b19c8a71140144345f8680b471f31e5f24eec80270c9dae6c,R,
96,96,4,2,1,T,violet_typewritten_ASCII,"[708, 1100, 793, 1260]",8d2933d6bf57534b19c8a71140144345f8680b471f31e5f24eec80270c9dae6c,T,
97,97,4,2,2,N,violet_typewritten_ASCII,"[784, 1100, 869, 1260]",8d2933d6bf57534b19c8a71140144345f8680b471f31e5f24eec80270c9dae6c,N,
98,98,4,2,3,G,violet_typewritten_ASCII,"[855, 1100, 940, 1260]",8d2933d6bf57534b19c8a71140144345f8680b471f31e5f24eec80270c9dae6c,G,
99,99,4,2,4,A,violet_typewritten_ASCII,"[930, 1100, 1015, 1260]",8d2933d6bf57534b19c8a71140144345f8680b471f31e5f24eec80270c9dae6c,A,
100,100,4,2,5,A,violet_typewritten_ASCII,"[1004, 1100, 1089, 1260]",8d2933d6bf57534b19c8a71140144345f8680b471f31e5f24eec80270c9dae6c,A,
101,101,4,3,1,E,violet_typewritten_ASCII,"[1148, 1100, 1233, 1260]",8d2933d6bf57534b19c8a71140144345f8680b471f31e5f24eec80270c9dae6c,E,
102,102,4,3,2,S,violet_typewritten_ASCII,"[1219, 1100, 1304, 1260]",8d2933d6bf57534b19c8a71140144345f8680b471f31e5f24eec80270c9dae6c,S,
103,103,4,3,3,W,violet_typewritten_ASCII,"[1294, 1100, 1379, 1260]",8d2933d6bf57534b19c8a71140144345f8680b471f31e5f24eec80270c9dae6c,W,
104,104,4,3,4,E,violet_typewritten_ASCII,"[1366, 1100, 1451, 1260]",8d2933d6bf57534b19c8a71140144345f8680b471f31e5f24eec80270c9dae6c,E,
105,105,4,3,5,R,violet_typewritten_ASCII,"[1444, 1100, 1529, 1260]",8d2933d6bf57534b19c8a71140144345f8680b471f31e5f24eec80270c9dae6c,R,
106,106,4,4,1,N,violet_typewritten_ASCII,"[1585, 1100, 1670, 1260]",8d2933d6bf57534b19c8a71140144345f8680b471f31e5f24eec80270c9dae6c,N,
107,107,4,4,2,D,violet_typewritten_ASCII,"[1665, 1100, 1750, 1260]",8d2933d6bf57534b19c8a71140144345f8680b471f31e5f24eec80270c9dae6c,D,
108,108,4,4,3,W,violet_typewritten_ASCII,"[1739, 1100, 1824, 1260]",8d2933d6bf57534b19c8a71140144345f8680b471f31e5f24eec80270c9dae6c,W,
109,109,4,4,4,E,violet_typewritten_ASCII,"[1814, 1100, 1899, 1260]",8d2933d6bf57534b19c8a71140144345f8680b471f31e5f24eec80270c9dae6c,E,
110,110,4,4,5,E,violet_typewritten_ASCII,"[1886, 1100, 1971, 1260]",8d2933d6bf57534b19c8a71140144345f8680b471f31e5f24eec80270c9dae6c,E,
111,111,4,5,1,T,violet_typewritten_ASCII,"[2024, 1100, 2109, 1260]",8d2933d6bf57534b19c8a71140144345f8680b471f31e5f24eec80270c9dae6c,T,
112,112,4,5,2,R,violet_typewritten_ASCII,"[2098, 1100, 2183, 1260]",8d2933d6bf57534b19c8a71140144345f8680b471f31e5f24eec80270c9dae6c,R,
113,113,4,5,3,L,violet_typewritten_ASCII,"[2173, 1100, 2258, 1260]",8d2933d6bf57534b19c8a71140144345f8680b471f31e5f24eec80270c9dae6c,L,
114,114,4,5,4,H,violet_typewritten_ASCII,"[2246, 1100, 2331, 1260]",8d2933d6bf57534b19c8a71140144345f8680b471f31e5f24eec80270c9dae6c,H,
115,115,4,5,5,N,violet_typewritten_ASCII,"[2321, 1100, 2406, 1260]",8d2933d6bf57534b19c8a71140144345f8680b471f31e5f24eec80270c9dae6c,N,
116,116,4,6,1,K,violet_typewritten_ASCII,"[2464, 1100, 2549, 1260]",8d2933d6bf57534b19c8a71140144345f8680b471f31e5f24eec80270c9dae6c,K,
117,117,4,6,2,L,violet_typewritten_ASCII,"[2541, 1100, 2626, 1260]",8d2933d6bf57534b19c8a71140144345f8680b471f31e5f24eec80270c9dae6c,L,
118,118,4,6,3,H,violet_typewritten_ASCII,"[2612, 1100, 2697, 1260]",8d2933d6bf57534b19c8a71140144345f8680b471f31e5f24eec80270c9dae6c,H,
119,119,4,6,4,O,violet_typewritten_ASCII,"[2689, 1100, 2774, 1260]",8d2933d6bf57534b19c8a71140144345f8680b471f31e5f24eec80270c9dae6c,O,
120,120,4,6,5,E,violet_typewritten_ASCII,"[2761, 1100, 2846, 1260]",8d2933d6bf57534b19c8a71140144345f8680b471f31e5f24eec80270c9dae6c,E,
121,121,5,1,1,E,violet_typewritten_ASCII,"[269, 1270, 354, 1435]",8d2933d6bf57534b19c8a71140144345f8680b471f31e5f24eec80270c9dae6c,E,
122,122,5,1,2,U,violet_typewritten_ASCII,"[342, 1270, 427, 1435]",8d2933d6bf57534b19c8a71140144345f8680b471f31e5f24eec80270c9dae6c,U,
123,123,5,1,3,B,violet_typewritten_ASCII,"[412, 1270, 497, 1435]",8d2933d6bf57534b19c8a71140144345f8680b471f31e5f24eec80270c9dae6c,B,
124,124,5,1,4,G,violet_typewritten_ASCII,"[486, 1270, 571, 1435]",8d2933d6bf57534b19c8a71140144345f8680b471f31e5f24eec80270c9dae6c,G,
125,125,5,1,5,N,violet_typewritten_ASCII,"[561, 1270, 646, 1435]",8d2933d6bf57534b19c8a71140144345f8680b471f31e5f24eec80270c9dae6c,N,
126,126,5,2,1,T,violet_typewritten_ASCII,"[711, 1270, 796, 1435]",8d2933d6bf57534b19c8a71140144345f8680b471f31e5f24eec80270c9dae6c,T,
127,127,5,2,2,E,violet_typewritten_ASCII,"[787, 1270, 872, 1435]",8d2933d6bf57534b19c8a71140144345f8680b471f31e5f24eec80270c9dae6c,E,
128,128,5,2,3,O,violet_typewritten_ASCII,"[858, 1270, 943, 1435]",8d2933d6bf57534b19c8a71140144345f8680b471f31e5f24eec80270c9dae6c,O,
129,129,5,2,4,F,violet_typewritten_ASCII,"[933, 1270, 1018, 1435]",8d2933d6bf57534b19c8a71140144345f8680b471f31e5f24eec80270c9dae6c,F,
130,130,5,2,5,D,violet_typewritten_ASCII,"[1007, 1270, 1092, 1435]",8d2933d6bf57534b19c8a71140144345f8680b471f31e5f24eec80270c9dae6c,D,
131,131,5,3,1,M,violet_typewritten_ASCII,"[1151, 1270, 1236, 1435]",8d2933d6bf57534b19c8a71140144345f8680b471f31e5f24eec80270c9dae6c,M,
132,132,5,3,2,E,violet_typewritten_ASCII,"[1222, 1270, 1307, 1435]",8d2933d6bf57534b19c8a71140144345f8680b471f31e5f24eec80270c9dae6c,E,
133,133,5,3,3,B,violet_typewritten_ASCII,"[1297, 1270, 1382, 1435]",8d2933d6bf57534b19c8a71140144345f8680b471f31e5f24eec80270c9dae6c,B,
134,134,5,3,4,S,violet_typewritten_ASCII,"[1369, 1270, 1454, 1435]",8d2933d6bf57534b19c8a71140144345f8680b471f31e5f24eec80270c9dae6c,S,
135,135,5,3,5,T,violet_typewritten_ASCII,"[1447, 1270, 1532, 1435]",8d2933d6bf57534b19c8a71140144345f8680b471f31e5f24eec80270c9dae6c,T,
136,136,5,4,1,M,violet_typewritten_ASCII,"[1590, 1270, 1675, 1435]",8d2933d6bf57534b19c8a71140144345f8680b471f31e5f24eec80270c9dae6c,M,
137,137,5,4,2,E,violet_typewritten_ASCII,"[1663, 1270, 1748, 1435]",8d2933d6bf57534b19c8a71140144345f8680b471f31e5f24eec80270c9dae6c,E,
138,138,5,4,3,O,violet_typewritten_ASCII,"[1734, 1270, 1819, 1435]",8d2933d6bf57534b19c8a71140144345f8680b471f31e5f24eec80270c9dae6c,O,
139,,5,4,4,,violet_placement_crossed_by_two_dark_vertical_strokes,"[1810, 1270, 1889, 1435]",8d2933d6bf57534b19c8a71140144345f8680b471f31e5f24eec80270c9dae6c,,Glyph unknown. Frozen active stream treats placement as cancelled; raw placement always retained. Alternative non-cancelled role would require explicit source-length amendment.
140,139,5,4,5,P,violet_typewritten_ASCII,"[1878, 1270, 1963, 1435]",8d2933d6bf57534b19c8a71140144345f8680b471f31e5f24eec80270c9dae6c,P,
141,140,5,4,6,B,violet_typewritten_ASCII,"[1951, 1270, 2036, 1435]",8d2933d6bf57534b19c8a71140144345f8680b471f31e5f24eec80270c9dae6c,B,
142,141,5,5,1,N,violet_typewritten_ASCII,"[2094, 1270, 2179, 1435]",8d2933d6bf57534b19c8a71140144345f8680b471f31e5f24eec80270c9dae6c,N,
143,142,5,5,2,A,violet_typewritten_ASCII,"[2170, 1270, 2255, 1435]",8d2933d6bf57534b19c8a71140144345f8680b471f31e5f24eec80270c9dae6c,A,
144,143,5,5,3,I,violet_typewritten_ASCII,"[2240, 1270, 2325, 1435]",8d2933d6bf57534b19c8a71140144345f8680b471f31e5f24eec80270c9dae6c,I,
145,144,5,5,4,B,violet_typewritten_ASCII,"[2311, 1270, 2396, 1435]",8d2933d6bf57534b19c8a71140144345f8680b471f31e5f24eec80270c9dae6c,B,
