active_index_1based,typed_row_1based,source_group_in_row_1based,group_offset_1based,ascii_final_visible,source_sha256,native_box_xyxy,row_crop,observation_class,earlier_layer_ascii,uncertainty,cancelled_source_preceding
1,1,1,1,D,8d2933d6bf57534b19c8a71140144345f8680b471f31e5f24eec80270c9dae6c,"[269, 577, 326, 652]",sources/inspection/cold_source_v1/typed_row_01_native.png,violet_typewritten_ASCII,D,,False
2,1,1,2,N,8d2933d6bf57534b19c8a71140144345f8680b471f31e5f24eec80270c9dae6c,"[342, 577, 399, 652]",sources/inspection/cold_source_v1/typed_row_01_native.png,violet_typewritten_ASCII,N,,False
3,1,1,3,E,8d2933d6bf57534b19c8a71140144345f8680b471f31e5f24eec80270c9dae6c,"[412, 577, 469, 652]",sources/inspection/cold_source_v1/typed_row_01_native.png,violet_typewritten_ASCII,E,,False
4,1,1,4,I,8d2933d6bf57534b19c8a71140144345f8680b471f31e5f24eec80270c9dae6c,"[486, 577, 543, 652]",sources/inspection/cold_source_v1/typed_row_01_native.png,violet_typewritten_ASCII,I,,False
5,1,1,5,R,8d2933d6bf57534b19c8a71140144345f8680b471f31e5f24eec80270c9dae6c,"[561, 577, 618, 652]",sources/inspection/cold_source_v1/typed_row_01_native.png,violet_typewritten_ASCII,R,,False
6,1,2,1,E,8d2933d6bf57534b19c8a71140144345f8680b471f31e5f24eec80270c9dae6c,"[711, 577, 768, 652]",sources/inspection/cold_source_v1/typed_row_01_native.png,violet_typewritten_ASCII,E,,False
7,1,2,2,N,8d2933d6bf57534b19c8a71140144345f8680b471f31e5f24eec80270c9dae6c,"[787, 577, 844, 652]",sources/inspection/cold_source_v1/typed_row_01_native.png,violet_typewritten_ASCII,N,,False
8,1,2,3,E,8d2933d6bf57534b19c8a71140144345f8680b471f31e5f24eec80270c9dae6c,"[858, 577, 915, 652]",sources/inspection/cold_source_v1/typed_row_01_native.png,violet_typewritten_ASCII,E,,False
9,1,2,4,S,8d2933d6bf57534b19c8a71140144345f8680b471f31e5f24eec80270c9dae6c,"[933, 577, 990, 652]",sources/inspection/cold_source_v1/typed_row_01_native.png,violet_typewritten_ASCII,S,,False
10,1,2,5,A,8d2933d6bf57534b19c8a71140144345f8680b471f31e5f24eec80270c9dae6c,"[1007, 577, 1064, 652]",sources/inspection/cold_source_v1/typed_row_01_native.png,violet_typewritten_ASCII,A,,False
11,1,3,1,N,8d2933d6bf57534b19c8a71140144345f8680b471f31e5f24eec80270c9dae6c,"[1151, 577, 1208, 652]",sources/inspection/cold_source_v1/typed_row_01_native.png,violet_typewritten_ASCII,N,,False
12,1,3,2,S,8d2933d6bf57534b19c8a71140144345f8680b471f31e5f24eec80270c9dae6c,"[1222, 577, 1279, 652]",sources/inspection/cold_source_v1/typed_row_01_native.png,violet_typewritten_ASCII,S,,False
13,1,3,3,I,8d2933d6bf57534b19c8a71140144345f8680b471f31e5f24eec80270c9dae6c,"[1297, 577, 1354, 652]",sources/inspection/cold_source_v1/typed_row_01_native.png,violet_typewritten_ASCII,I,,False
14,1,3,4,C,8d2933d6bf57534b19c8a71140144345f8680b471f31e5f24eec80270c9dae6c,"[1369, 577, 1426, 652]",sources/inspection/cold_source_v1/typed_row_01_native.png,violet_typewritten_ASCII,C,,False
15,1,3,5,I,8d2933d6bf57534b19c8a71140144345f8680b471f31e5f24eec80270c9dae6c,"[1447, 577, 1504, 652]",sources/inspection/cold_source_v1/typed_row_01_native.png,violet_typewritten_ASCII,I,,False
16,1,4,1,C,8d2933d6bf57534b19c8a71140144345f8680b471f31e5f24eec80270c9dae6c,"[1588, 577, 1645, 652]",sources/inspection/cold_source_v1/typed_row_01_native.png,violet_typewritten_ASCII,C,,False
17,1,4,2,H,8d2933d6bf57534b19c8a71140144345f8680b471f31e5f24eec80270c9dae6c,"[1668, 577, 1725, 652]",sources/inspection/cold_source_v1/typed_row_01_native.png,violet_typewritten_ASCII,H,,False
18,1,4,3,H,8d2933d6bf57534b19c8a71140144345f8680b471f31e5f24eec80270c9dae6c,"[1742, 577, 1799, 652]",sources/inspection/cold_source_v1/typed_row_01_native.png,violet_typewritten_ASCII,H,,False
19,1,4,4,G,8d2933d6bf57534b19c8a71140144345f8680b471f31e5f24eec80270c9dae6c,"[1817, 577, 1874, 652]",sources/inspection/cold_source_v1/typed_row_01_native.png,violet_typewritten_ASCII,G,,False
20,1,4,5,C,8d2933d6bf57534b19c8a71140144345f8680b471f31e5f24eec80270c9dae6c,"[1889, 577, 1946, 652]",sources/inspection/cold_source_v1/typed_row_01_native.png,violet_typewritten_ASCII,C,,False
21,1,5,1,R,8d2933d6bf57534b19c8a71140144345f8680b471f31e5f24eec80270c9dae6c,"[2027, 577, 2084, 652]",sources/inspection/cold_source_v1/typed_row_01_native.png,violet_typewritten_ASCII,R,,False
22,1,5,2,W,8d2933d6bf57534b19c8a71140144345f8680b471f31e5f24eec80270c9dae6c,"[2101, 577, 2158, 652]",sources/inspection/cold_source_v1/typed_row_01_native.png,violet_typewritten_ASCII,W,,False
23,1,5,3,H,8d2933d6bf57534b19c8a71140144345f8680b471f31e5f24eec80270c9dae6c,"[2176, 577, 2233, 652]",sources/inspection/cold_source_v1/typed_row_01_native.png,violet_typewritten_ASCII,H,,False
24,1,5,4,I,8d2933d6bf57534b19c8a71140144345f8680b471f31e5f24eec80270c9dae6c,"[2249, 577, 2306, 652]",sources/inspection/cold_source_v1/typed_row_01_native.png,violet_typewritten_ASCII,I,,False
25,1,5,5,T,8d2933d6bf57534b19c8a71140144345f8680b471f31e5f24eec80270c9dae6c,"[2324, 577, 2381, 652]",sources/inspection/cold_source_v1/typed_row_01_native.png,violet_typewritten_ASCII,T,,False
26,1,6,1,G,8d2933d6bf57534b19c8a71140144345f8680b471f31e5f24eec80270c9dae6c,"[2467, 577, 2524, 652]",sources/inspection/cold_source_v1/typed_row_01_native.png,violet_typewritten_ASCII,G,,False
27,1,6,2,E,8d2933d6bf57534b19c8a71140144345f8680b471f31e5f24eec80270c9dae6c,"[2544, 577, 2601, 652]",sources/inspection/cold_source_v1/typed_row_01_native.png,violet_typewritten_ASCII,E,,False
28,1,6,3,F,8d2933d6bf57534b19c8a71140144345f8680b471f31e5f24eec80270c9dae6c,"[2615, 577, 2672, 652]",sources/inspection/cold_source_v1/typed_row_01_native.png,visible_black_F_overlay_over_violet_unknown,,Previous violet character under the black F is not independently identifiable; final visible F is legible.,False
29,1,6,4,E,8d2933d6bf57534b19c8a71140144345f8680b471f31e5f24eec80270c9dae6c,"[2692, 577, 2749, 652]",sources/inspection/cold_source_v1/typed_row_01_native.png,violet_typewritten_ASCII,E,,False
30,1,6,5,G,8d2933d6bf57534b19c8a71140144345f8680b471f31e5f24eec80270c9dae6c,"[2764, 577, 2821, 652]",sources/inspection/cold_source_v1/typed_row_01_native.png,violet_typewritten_ASCII,G,,False
31,2,1,1,E,8d2933d6bf57534b19c8a71140144345f8680b471f31e5f24eec80270c9dae6c,"[272, 765, 329, 840]",sources/inspection/cold_source_v1/typed_row_02_native.png,violet_typewritten_ASCII,E,,False
32,2,1,2,E,8d2933d6bf57534b19c8a71140144345f8680b471f31e5f24eec80270c9dae6c,"[345, 765, 402, 840]",sources/inspection/cold_source_v1/typed_row_02_native.png,violet_typewritten_ASCII,E,,False
33,2,1,3,T,8d2933d6bf57534b19c8a71140144345f8680b471f31e5f24eec80270c9dae6c,"[415, 765, 472, 840]",sources/inspection/cold_source_v1/typed_row_02_native.png,violet_typewritten_ASCII,T,,False
34,2,1,4,R,8d2933d6bf57534b19c8a71140144345f8680b471f31e5f24eec80270c9dae6c,"[489, 765, 546, 840]",sources/inspection/cold_source_v1/typed_row_02_native.png,violet_typewritten_ASCII,R,,False
35,2,1,5,F,8d2933d6bf57534b19c8a71140144345f8680b471f31e5f24eec80270c9dae6c,"[564, 765, 621, 840]",sources/inspection/cold_source_v1/typed_row_02_native.png,violet_typewritten_ASCII,F,,False
36,2,2,1,E,8d2933d6bf57534b19c8a71140144345f8680b471f31e5f24eec80270c9dae6c,"[714, 765, 771, 840]",sources/inspection/cold_source_v1/typed_row_02_native.png,violet_typewritten_ASCII,E,,False
37,2,2,2,N,8d2933d6bf57534b19c8a71140144345f8680b471f31e5f24eec80270c9dae6c,"[790, 765, 847, 840]",sources/inspection/cold_source_v1/typed_row_02_native.png,violet_typewritten_ASCII,N,,False
38,2,2,3,N,8d2933d6bf57534b19c8a71140144345f8680b471f31e5f24eec80270c9dae6c,"[861, 765, 918, 840]",sources/inspection/cold_source_v1/typed_row_02_native.png,violet_typewritten_ASCII,N,,False
39,2,2,4,I,8d2933d6bf57534b19c8a71140144345f8680b471f31e5f24eec80270c9dae6c,"[936, 765, 993, 840]",sources/inspection/cold_source_v1/typed_row_02_native.png,violet_typewritten_ASCII,I,,False
40,2,2,5,D,8d2933d6bf57534b19c8a71140144345f8680b471f31e5f24eec80270c9dae6c,"[1010, 765, 1067, 840]",sources/inspection/cold_source_v1/typed_row_02_native.png,violet_typewritten_ASCII,D,,False
41,2,3,1,G,8d2933d6bf57534b19c8a71140144345f8680b471f31e5f24eec80270c9dae6c,"[1154, 765, 1211, 840]",sources/inspection/cold_source_v1/typed_row_02_native.png,violet_typewritten_ASCII,G,,False
42,2,3,2,N,8d2933d6bf57534b19c8a71140144345f8680b471f31e5f24eec80270c9dae6c,"[1225, 765, 1282, 840]",sources/inspection/cold_source_v1/typed_row_02_native.png,violet_typewritten_ASCII,N,,False
43,2,3,3,U,8d2933d6bf57534b19c8a71140144345f8680b471f31e5f24eec80270c9dae6c,"[1300, 765, 1357, 840]",sources/inspection/cold_source_v1/typed_row_02_native.png,violet_typewritten_ASCII,U,,False
44,2,3,4,I,8d2933d6bf57534b19c8a71140144345f8680b471f31e5f24eec80270c9dae6c,"[1372, 765, 1429, 840]",sources/inspection/cold_source_v1/typed_row_02_native.png,violet_typewritten_ASCII,I,,False
45,2,3,5,L,8d2933d6bf57534b19c8a71140144345f8680b471f31e5f24eec80270c9dae6c,"[1450, 765, 1507, 840]",sources/inspection/cold_source_v1/typed_row_02_native.png,violet_typewritten_ASCII,L,,False
46,2,4,1,N,8d2933d6bf57534b19c8a71140144345f8680b471f31e5f24eec80270c9dae6c,"[1591, 765, 1648, 840]",sources/inspection/cold_source_v1/typed_row_02_native.png,violet_typewritten_ASCII,N,,False
47,2,4,2,D,8d2933d6bf57534b19c8a71140144345f8680b471f31e5f24eec80270c9dae6c,"[1671, 765, 1728, 840]",sources/inspection/cold_source_v1/typed_row_02_native.png,violet_typewritten_ASCII,D,,False
48,2,4,3,E,8d2933d6bf57534b19c8a71140144345f8680b471f31e5f24eec80270c9dae6c,"[1745, 765, 1802, 840]",sources/inspection/cold_source_v1/typed_row_02_native.png,violet_typewritten_ASCII,E,,False
49,2,4,4,A,8d2933d6bf57534b19c8a71140144345f8680b471f31e5f24eec80270c9dae6c,"[1820, 765, 1877, 840]",sources/inspection/cold_source_v1/typed_row_02_native.png,violet_typewritten_ASCII,A,,False
50,2,4,5,L,8d2933d6bf57534b19c8a71140144345f8680b471f31e5f24eec80270c9dae6c,"[1892, 765, 1949, 840]",sources/inspection/cold_source_v1/typed_row_02_native.png,violet_typewritten_ASCII,L,,False
51,2,5,1,E,8d2933d6bf57534b19c8a71140144345f8680b471f31e5f24eec80270c9dae6c,"[2030, 765, 2087, 840]",sources/inspection/cold_source_v1/typed_row_02_native.png,violet_typewritten_ASCII,E,,False
52,2,5,2,G,8d2933d6bf57534b19c8a71140144345f8680b471f31e5f24eec80270c9dae6c,"[2104, 765, 2161, 840]",sources/inspection/cold_source_v1/typed_row_02_native.png,violet_typewritten_ASCII,G,,False
53,2,5,3,O,8d2933d6bf57534b19c8a71140144345f8680b471f31e5f24eec80270c9dae6c,"[2179, 765, 2236, 840]",sources/inspection/cold_source_v1/typed_row_02_native.png,violet_typewritten_ASCII,O,,False
54,2,5,4,E,8d2933d6bf57534b19c8a71140144345f8680b471f31e5f24eec80270c9dae6c,"[2252, 765, 2309, 840]",sources/inspection/cold_source_v1/typed_row_02_native.png,violet_typewritten_ASCII,E,,False
55,2,5,5,S,8d2933d6bf57534b19c8a71140144345f8680b471f31e5f24eec80270c9dae6c,"[2327, 765, 2384, 840]",sources/inspection/cold_source_v1/typed_row_02_native.png,violet_typewritten_ASCII,S,,False
56,2,6,1,H,8d2933d6bf57534b19c8a71140144345f8680b471f31e5f24eec80270c9dae6c,"[2470, 765, 2527, 840]",sources/inspection/cold_source_v1/typed_row_02_native.png,violet_typewritten_ASCII,H,,False
57,2,6,2,O,8d2933d6bf57534b19c8a71140144345f8680b471f31e5f24eec80270c9dae6c,"[2547, 765, 2604, 840]",sources/inspection/cold_source_v1/typed_row_02_native.png,violet_typewritten_ASCII,O,,False
58,2,6,3,N,8d2933d6bf57534b19c8a71140144345f8680b471f31e5f24eec80270c9dae6c,"[2618, 765, 2675, 840]",sources/inspection/cold_source_v1/typed_row_02_native.png,violet_typewritten_ASCII,N,,False
59,2,6,4,A,8d2933d6bf57534b19c8a71140144345f8680b471f31e5f24eec80270c9dae6c,"[2695, 765, 2752, 840]",sources/inspection/cold_source_v1/typed_row_02_native.png,violet_typewritten_ASCII,A,,False
60,2,6,5,N,8d2933d6bf57534b19c8a71140144345f8680b471f31e5f24eec80270c9dae6c,"[2767, 765, 2824, 840]",sources/inspection/cold_source_v1/typed_row_02_native.png,violet_typewritten_ASCII,N,,False
61,3,1,1,F,8d2933d6bf57534b19c8a71140144345f8680b471f31e5f24eec80270c9dae6c,"[275, 950, 332, 1025]",sources/inspection/cold_source_v1/typed_row_03_native.png,violet_typewritten_ASCII,F,,False
62,3,1,2,D,8d2933d6bf57534b19c8a71140144345f8680b471f31e5f24eec80270c9dae6c,"[348, 950, 405, 1025]",sources/inspection/cold_source_v1/typed_row_03_native.png,violet_typewritten_ASCII,D,,False
63,3,1,3,E,8d2933d6bf57534b19c8a71140144345f8680b471f31e5f24eec80270c9dae6c,"[418, 950, 475, 1025]",sources/inspection/cold_source_v1/typed_row_03_native.png,violet_typewritten_ASCII,E,,False
64,3,1,4,S,8d2933d6bf57534b19c8a71140144345f8680b471f31e5f24eec80270c9dae6c,"[492, 950, 549, 1025]",sources/inspection/cold_source_v1/typed_row_03_native.png,violet_typewritten_ASCII,S,,False
65,3,1,5,E,8d2933d6bf57534b19c8a71140144345f8680b471f31e5f24eec80270c9dae6c,"[567, 950, 624, 1025]",sources/inspection/cold_source_v1/typed_row_03_native.png,violet_typewritten_ASCII,E,,False
66,3,2,1,R,8d2933d6bf57534b19c8a71140144345f8680b471f31e5f24eec80270c9dae6c,"[717, 950, 774, 1025]",sources/inspection/cold_source_v1/typed_row_03_native.png,violet_typewritten_ASCII,R,,False
67,3,2,2,B,8d2933d6bf57534b19c8a71140144345f8680b471f31e5f24eec80270c9dae6c,"[793, 950, 850, 1025]",sources/inspection/cold_source_v1/typed_row_03_native.png,violet_typewritten_ASCII,B,,False
68,3,2,3,D,8d2933d6bf57534b19c8a71140144345f8680b471f31e5f24eec80270c9dae6c,"[864, 950, 921, 1025]",sources/inspection/cold_source_v1/typed_row_03_native.png,violet_typewritten_ASCII,D,,False
69,3,2,4,N,8d2933d6bf57534b19c8a71140144345f8680b471f31e5f24eec80270c9dae6c,"[939, 950, 996, 1025]",sources/inspection/cold_source_v1/typed_row_03_native.png,violet_typewritten_ASCII,N,,False
70,3,2,5,O,8d2933d6bf57534b19c8a71140144345f8680b471f31e5f24eec80270c9dae6c,"[1013, 950, 1070, 1025]",sources/inspection/cold_source_v1/typed_row_03_native.png,violet_typewritten_ASCII,O,,False
71,3,3,1,T,8d2933d6bf57534b19c8a71140144345f8680b471f31e5f24eec80270c9dae6c,"[1157, 950, 1214, 1025]",sources/inspection/cold_source_v1/typed_row_03_native.png,violet_typewritten_ASCII,T,,False
72,3,3,2,A,8d2933d6bf57534b19c8a71140144345f8680b471f31e5f24eec80270c9dae6c,"[1228, 950, 1285, 1025]",sources/inspection/cold_source_v1/typed_row_03_native.png,violet_typewritten_ASCII,A,,False
73,3,3,3,R,8d2933d6bf57534b19c8a71140144345f8680b471f31e5f24eec80270c9dae6c,"[1303, 950, 1360, 1025]",sources/inspection/cold_source_v1/typed_row_03_native.png,violet_typewritten_ASCII,R,,False
74,3,3,4,U,8d2933d6bf57534b19c8a71140144345f8680b471f31e5f24eec80270c9dae6c,"[1375, 950, 1432, 1025]",sources/inspection/cold_source_v1/typed_row_03_native.png,violet_typewritten_ASCII,U,,False
75,3,3,5,T,8d2933d6bf57534b19c8a71140144345f8680b471f31e5f24eec80270c9dae6c,"[1453, 950, 1510, 1025]",sources/inspection/cold_source_v1/typed_row_03_native.png,violet_typewritten_ASCII,T,,False
76,3,4,1,I,8d2933d6bf57534b19c8a71140144345f8680b471f31e5f24eec80270c9dae6c,"[1594, 950, 1651, 1025]",sources/inspection/cold_source_v1/typed_row_03_native.png,violet_typewritten_ASCII,I,,False
77,3,4,2,X,8d2933d6bf57534b19c8a71140144345f8680b471f31e5f24eec80270c9dae6c,"[1674, 950, 1731, 1025]",sources/inspection/cold_source_v1/typed_row_03_native.png,violet_typewritten_ASCII,X,,False
78,3,4,3,H,8d2933d6bf57534b19c8a71140144345f8680b471f31e5f24eec80270c9dae6c,"[1748, 950, 1805, 1025]",sources/inspection/cold_source_v1/typed_row_03_native.png,violet_typewritten_ASCII,H,,False
79,3,4,4,A,8d2933d6bf57534b19c8a71140144345f8680b471f31e5f24eec80270c9dae6c,"[1823, 950, 1880, 1025]",sources/inspection/cold_source_v1/typed_row_03_native.png,violet_typewritten_ASCII,A,,False
80,3,4,5,T,8d2933d6bf57534b19c8a71140144345f8680b471f31e5f24eec80270c9dae6c,"[1895, 950, 1952, 1025]",sources/inspection/cold_source_v1/typed_row_03_native.png,violet_typewritten_ASCII,T,,False
81,3,5,1,R,8d2933d6bf57534b19c8a71140144345f8680b471f31e5f24eec80270c9dae6c,"[2033, 950, 2090, 1025]",sources/inspection/cold_source_v1/typed_row_03_native.png,violet_typewritten_ASCII,R,,False
82,3,5,2,U,8d2933d6bf57534b19c8a71140144345f8680b471f31e5f24eec80270c9dae6c,"[2107, 950, 2164, 1025]",sources/inspection/cold_source_v1/typed_row_03_native.png,violet_typewritten_ASCII,U,,False
83,3,5,3,P,8d2933d6bf57534b19c8a71140144345f8680b471f31e5f24eec80270c9dae6c,"[2182, 950, 2239, 1025]",sources/inspection/cold_source_v1/typed_row_03_native.png,violet_typewritten_ASCII,P,,False
84,3,5,4,I,8d2933d6bf57534b19c8a71140144345f8680b471f31e5f24eec80270c9dae6c,"[2255, 950, 2312, 1025]",sources/inspection/cold_source_v1/typed_row_03_native.png,violet_typewritten_ASCII,I,,False
85,3,5,5,D,8d2933d6bf57534b19c8a71140144345f8680b471f31e5f24eec80270c9dae6c,"[2330, 950, 2387, 1025]",sources/inspection/cold_source_v1/typed_row_03_native.png,violet_typewritten_ASCII,D,,False
86,3,6,1,S,8d2933d6bf57534b19c8a71140144345f8680b471f31e5f24eec80270c9dae6c,"[2473, 950, 2530, 1025]",sources/inspection/cold_source_v1/typed_row_03_native.png,violet_typewritten_ASCII,S,,False
87,3,6,2,F,8d2933d6bf57534b19c8a71140144345f8680b471f31e5f24eec80270c9dae6c,"[2550, 950, 2607, 1025]",sources/inspection/cold_source_v1/typed_row_03_native.png,violet_typewritten_ASCII,F,,False
88,3,6,3,E,8d2933d6bf57534b19c8a71140144345f8680b471f31e5f24eec80270c9dae6c,"[2621, 950, 2678, 1025]",sources/inspection/cold_source_v1/typed_row_03_native.png,violet_typewritten_ASCII,E,,False
89,3,6,4,C,8d2933d6bf57534b19c8a71140144345f8680b471f31e5f24eec80270c9dae6c,"[2698, 950, 2755, 1025]",sources/inspection/cold_source_v1/typed_row_03_native.png,violet_typewritten_ASCII,C,,False
90,3,6,5,N,8d2933d6bf57534b19c8a71140144345f8680b471f31e5f24eec80270c9dae6c,"[2770, 950, 2827, 1025]",sources/inspection/cold_source_v1/typed_row_03_native.png,violet_typewritten_ASCII,N,,False
91,4,1,1,T,8d2933d6bf57534b19c8a71140144345f8680b471f31e5f24eec80270c9dae6c,"[278, 1133, 335, 1208]",sources/inspection/cold_source_v1/typed_row_04_native.png,violet_typewritten_ASCII,T,,False
92,4,1,2,E,8d2933d6bf57534b19c8a71140144345f8680b471f31e5f24eec80270c9dae6c,"[351, 1133, 408, 1208]",sources/inspection/cold_source_v1/typed_row_04_native.png,violet_typewritten_ASCII,E,,False
93,4,1,3,S,8d2933d6bf57534b19c8a71140144345f8680b471f31e5f24eec80270c9dae6c,"[421, 1133, 478, 1208]",sources/inspection/cold_source_v1/typed_row_04_native.png,violet_typewritten_ASCII,S,,False
94,4,1,4,H,8d2933d6bf57534b19c8a71140144345f8680b471f31e5f24eec80270c9dae6c,"[495, 1133, 552, 1208]",sources/inspection/cold_source_v1/typed_row_04_native.png,violet_typewritten_ASCII,H,,False
95,4,1,5,R,8d2933d6bf57534b19c8a71140144345f8680b471f31e5f24eec80270c9dae6c,"[570, 1133, 627, 1208]",sources/inspection/cold_source_v1/typed_row_04_native.png,violet_typewritten_ASCII,R,,False
96,4,2,1,T,8d2933d6bf57534b19c8a71140144345f8680b471f31e5f24eec80270c9dae6c,"[720, 1133, 777, 1208]",sources/inspection/cold_source_v1/typed_row_04_native.png,violet_typewritten_ASCII,T,,False
97,4,2,2,N,8d2933d6bf57534b19c8a71140144345f8680b471f31e5f24eec80270c9dae6c,"[796, 1133, 853, 1208]",sources/inspection/cold_source_v1/typed_row_04_native.png,violet_typewritten_ASCII,N,,False
98,4,2,3,G,8d2933d6bf57534b19c8a71140144345f8680b471f31e5f24eec80270c9dae6c,"[867, 1133, 924, 1208]",sources/inspection/cold_source_v1/typed_row_04_native.png,violet_typewritten_ASCII,G,,False
99,4,2,4,A,8d2933d6bf57534b19c8a71140144345f8680b471f31e5f24eec80270c9dae6c,"[942, 1133, 999, 1208]",sources/inspection/cold_source_v1/typed_row_04_native.png,violet_typewritten_ASCII,A,,False
100,4,2,5,A,8d2933d6bf57534b19c8a71140144345f8680b471f31e5f24eec80270c9dae6c,"[1016, 1133, 1073, 1208]",sources/inspection/cold_source_v1/typed_row_04_native.png,violet_typewritten_ASCII,A,,False
101,4,3,1,E,8d2933d6bf57534b19c8a71140144345f8680b471f31e5f24eec80270c9dae6c,"[1160, 1133, 1217, 1208]",sources/inspection/cold_source_v1/typed_row_04_native.png,violet_typewritten_ASCII,E,,False
102,4,3,2,S,8d2933d6bf57534b19c8a71140144345f8680b471f31e5f24eec80270c9dae6c,"[1231, 1133, 1288, 1208]",sources/inspection/cold_source_v1/typed_row_04_native.png,violet_typewritten_ASCII,S,,False
103,4,3,3,W,8d2933d6bf57534b19c8a71140144345f8680b471f31e5f24eec80270c9dae6c,"[1306, 1133, 1363, 1208]",sources/inspection/cold_source_v1/typed_row_04_native.png,violet_typewritten_ASCII,W,,False
104,4,3,4,E,8d2933d6bf57534b19c8a71140144345f8680b471f31e5f24eec80270c9dae6c,"[1378, 1133, 1435, 1208]",sources/inspection/cold_source_v1/typed_row_04_native.png,violet_typewritten_ASCII,E,,False
105,4,3,5,R,8d2933d6bf57534b19c8a71140144345f8680b471f31e5f24eec80270c9dae6c,"[1456, 1133, 1513, 1208]",sources/inspection/cold_source_v1/typed_row_04_native.png,violet_typewritten_ASCII,R,,False
106,4,4,1,N,8d2933d6bf57534b19c8a71140144345f8680b471f31e5f24eec80270c9dae6c,"[1597, 1133, 1654, 1208]",sources/inspection/cold_source_v1/typed_row_04_native.png,violet_typewritten_ASCII,N,,False
107,4,4,2,D,8d2933d6bf57534b19c8a71140144345f8680b471f31e5f24eec80270c9dae6c,"[1677, 1133, 1734, 1208]",sources/inspection/cold_source_v1/typed_row_04_native.png,violet_typewritten_ASCII,D,,False
108,4,4,3,W,8d2933d6bf57534b19c8a71140144345f8680b471f31e5f24eec80270c9dae6c,"[1751, 1133, 1808, 1208]",sources/inspection/cold_source_v1/typed_row_04_native.png,violet_typewritten_ASCII,W,,False
109,4,4,4,E,8d2933d6bf57534b19c8a71140144345f8680b471f31e5f24eec80270c9dae6c,"[1826, 1133, 1883, 1208]",sources/inspection/cold_source_v1/typed_row_04_native.png,violet_typewritten_ASCII,E,,False
110,4,4,5,E,8d2933d6bf57534b19c8a71140144345f8680b471f31e5f24eec80270c9dae6c,"[1898, 1133, 1955, 1208]",sources/inspection/cold_source_v1/typed_row_04_native.png,violet_typewritten_ASCII,E,,False
111,4,5,1,T,8d2933d6bf57534b19c8a71140144345f8680b471f31e5f24eec80270c9dae6c,"[2036, 1133, 2093, 1208]",sources/inspection/cold_source_v1/typed_row_04_native.png,violet_typewritten_ASCII,T,,False
112,4,5,2,R,8d2933d6bf57534b19c8a71140144345f8680b471f31e5f24eec80270c9dae6c,"[2110, 1133, 2167, 1208]",sources/inspection/cold_source_v1/typed_row_04_native.png,violet_typewritten_ASCII,R,,False
113,4,5,3,L,8d2933d6bf57534b19c8a71140144345f8680b471f31e5f24eec80270c9dae6c,"[2185, 1133, 2242, 1208]",sources/inspection/cold_source_v1/typed_row_04_native.png,violet_typewritten_ASCII,L,,False
114,4,5,4,H,8d2933d6bf57534b19c8a71140144345f8680b471f31e5f24eec80270c9dae6c,"[2258, 1133, 2315, 1208]",sources/inspection/cold_source_v1/typed_row_04_native.png,violet_typewritten_ASCII,H,,False
115,4,5,5,N,8d2933d6bf57534b19c8a71140144345f8680b471f31e5f24eec80270c9dae6c,"[2333, 1133, 2390, 1208]",sources/inspection/cold_source_v1/typed_row_04_native.png,violet_typewritten_ASCII,N,,False
116,4,6,1,K,8d2933d6bf57534b19c8a71140144345f8680b471f31e5f24eec80270c9dae6c,"[2476, 1133, 2533, 1208]",sources/inspection/cold_source_v1/typed_row_04_native.png,violet_typewritten_ASCII,K,,False
117,4,6,2,L,8d2933d6bf57534b19c8a71140144345f8680b471f31e5f24eec80270c9dae6c,"[2553, 1133, 2610, 1208]",sources/inspection/cold_source_v1/typed_row_04_native.png,violet_typewritten_ASCII,L,,False
118,4,6,3,H,8d2933d6bf57534b19c8a71140144345f8680b471f31e5f24eec80270c9dae6c,"[2624, 1133, 2681, 1208]",sources/inspection/cold_source_v1/typed_row_04_native.png,violet_typewritten_ASCII,H,,False
119,4,6,4,O,8d2933d6bf57534b19c8a71140144345f8680b471f31e5f24eec80270c9dae6c,"[2701, 1133, 2758, 1208]",sources/inspection/cold_source_v1/typed_row_04_native.png,violet_typewritten_ASCII,O,,False
120,4,6,5,E,8d2933d6bf57534b19c8a71140144345f8680b471f31e5f24eec80270c9dae6c,"[2773, 1133, 2830, 1208]",sources/inspection/cold_source_v1/typed_row_04_native.png,violet_typewritten_ASCII,E,,False
121,5,1,1,E,8d2933d6bf57534b19c8a71140144345f8680b471f31e5f24eec80270c9dae6c,"[281, 1310, 338, 1385]",sources/inspection/cold_source_v1/typed_row_05_native.png,violet_typewritten_ASCII,E,,False
122,5,1,2,U,8d2933d6bf57534b19c8a71140144345f8680b471f31e5f24eec80270c9dae6c,"[354, 1310, 411, 1385]",sources/inspection/cold_source_v1/typed_row_05_native.png,violet_typewritten_ASCII,U,,False
123,5,1,3,B,8d2933d6bf57534b19c8a71140144345f8680b471f31e5f24eec80270c9dae6c,"[424, 1310, 481, 1385]",sources/inspection/cold_source_v1/typed_row_05_native.png,violet_typewritten_ASCII,B,,False
124,5,1,4,G,8d2933d6bf57534b19c8a71140144345f8680b471f31e5f24eec80270c9dae6c,"[498, 1310, 555, 1385]",sources/inspection/cold_source_v1/typed_row_05_native.png,violet_typewritten_ASCII,G,,False
125,5,1,5,N,8d2933d6bf57534b19c8a71140144345f8680b471f31e5f24eec80270c9dae6c,"[573, 1310, 630, 1385]",sources/inspection/cold_source_v1/typed_row_05_native.png,violet_typewritten_ASCII,N,,False
126,5,2,1,T,8d2933d6bf57534b19c8a71140144345f8680b471f31e5f24eec80270c9dae6c,"[723, 1310, 780, 1385]",sources/inspection/cold_source_v1/typed_row_05_native.png,violet_typewritten_ASCII,T,,False
127,5,2,2,E,8d2933d6bf57534b19c8a71140144345f8680b471f31e5f24eec80270c9dae6c,"[799, 1310, 856, 1385]",sources/inspection/cold_source_v1/typed_row_05_native.png,violet_typewritten_ASCII,E,,False
128,5,2,3,O,8d2933d6bf57534b19c8a71140144345f8680b471f31e5f24eec80270c9dae6c,"[870, 1310, 927, 1385]",sources/inspection/cold_source_v1/typed_row_05_native.png,violet_typewritten_ASCII,O,,False
129,5,2,4,F,8d2933d6bf57534b19c8a71140144345f8680b471f31e5f24eec80270c9dae6c,"[945, 1310, 1002, 1385]",sources/inspection/cold_source_v1/typed_row_05_native.png,violet_typewritten_ASCII,F,,False
130,5,2,5,D,8d2933d6bf57534b19c8a71140144345f8680b471f31e5f24eec80270c9dae6c,"[1019, 1310, 1076, 1385]",sources/inspection/cold_source_v1/typed_row_05_native.png,violet_typewritten_ASCII,D,,False
131,5,3,1,M,8d2933d6bf57534b19c8a71140144345f8680b471f31e5f24eec80270c9dae6c,"[1163, 1310, 1220, 1385]",sources/inspection/cold_source_v1/typed_row_05_native.png,violet_typewritten_ASCII,M,,False
132,5,3,2,E,8d2933d6bf57534b19c8a71140144345f8680b471f31e5f24eec80270c9dae6c,"[1234, 1310, 1291, 1385]",sources/inspection/cold_source_v1/typed_row_05_native.png,violet_typewritten_ASCII,E,,False
133,5,3,3,B,8d2933d6bf57534b19c8a71140144345f8680b471f31e5f24eec80270c9dae6c,"[1309, 1310, 1366, 1385]",sources/inspection/cold_source_v1/typed_row_05_native.png,violet_typewritten_ASCII,B,,False
134,5,3,4,S,8d2933d6bf57534b19c8a71140144345f8680b471f31e5f24eec80270c9dae6c,"[1381, 1310, 1438, 1385]",sources/inspection/cold_source_v1/typed_row_05_native.png,violet_typewritten_ASCII,S,,False
135,5,3,5,T,8d2933d6bf57534b19c8a71140144345f8680b471f31e5f24eec80270c9dae6c,"[1459, 1310, 1516, 1385]",sources/inspection/cold_source_v1/typed_row_05_native.png,violet_typewritten_ASCII,T,,False
136,5,4,1,M,8d2933d6bf57534b19c8a71140144345f8680b471f31e5f24eec80270c9dae6c,"[1602, 1310, 1659, 1385]",sources/inspection/cold_source_v1/typed_row_05_native.png,violet_typewritten_ASCII,M,,False
137,5,4,2,E,8d2933d6bf57534b19c8a71140144345f8680b471f31e5f24eec80270c9dae6c,"[1675, 1310, 1732, 1385]",sources/inspection/cold_source_v1/typed_row_05_native.png,violet_typewritten_ASCII,E,,False
138,5,4,3,O,8d2933d6bf57534b19c8a71140144345f8680b471f31e5f24eec80270c9dae6c,"[1746, 1310, 1803, 1385]",sources/inspection/cold_source_v1/typed_row_05_native.png,violet_typewritten_ASCII,O,,False
139,5,4,4,P,8d2933d6bf57534b19c8a71140144345f8680b471f31e5f24eec80270c9dae6c,"[1890, 1310, 1947, 1385]",sources/inspection/cold_source_v1/typed_row_05_native.png,violet_typewritten_ASCII,P,,True
140,5,4,5,B,8d2933d6bf57534b19c8a71140144345f8680b471f31e5f24eec80270c9dae6c,"[1963, 1310, 2020, 1385]",sources/inspection/cold_source_v1/typed_row_05_native.png,violet_typewritten_ASCII,B,,False
141,5,5,1,N,8d2933d6bf57534b19c8a71140144345f8680b471f31e5f24eec80270c9dae6c,"[2106, 1310, 2163, 1385]",sources/inspection/cold_source_v1/typed_row_05_native.png,violet_typewritten_ASCII,N,,False
142,5,5,2,A,8d2933d6bf57534b19c8a71140144345f8680b471f31e5f24eec80270c9dae6c,"[2182, 1310, 2239, 1385]",sources/inspection/cold_source_v1/typed_row_05_native.png,violet_typewritten_ASCII,A,,False
143,5,5,3,I,8d2933d6bf57534b19c8a71140144345f8680b471f31e5f24eec80270c9dae6c,"[2252, 1310, 2309, 1385]",sources/inspection/cold_source_v1/typed_row_05_native.png,violet_typewritten_ASCII,I,,False
144,5,5,4,B,8d2933d6bf57534b19c8a71140144345f8680b471f31e5f24eec80270c9dae6c,"[2323, 1310, 2380, 1385]",sources/inspection/cold_source_v1/typed_row_05_native.png,violet_typewritten_ASCII,B,,False
