SYNTHETIC_P01	GJHSRWQAQNJJNIWAJRVDSXDQJPGBJHCOVBJJVQBJUMQNRJTBGBBGTDPMHZAWPMJHCOHWPQMWOKGJHILKJBIJYKUCJGGBGGXCWBEAWANDOKVPBJGRAGSIPAWKPWWMRMFXEGULAWRWQAQNRJNJAWFEXCSNGRJIQNLIGRLGEODFAOCHFBCWRAWB
SYNTHETIC_P02	COIJTPKCUJFMETJLPBMBSJCQPWNDBCPVJYIKBKODAIQBSJMMVBBWHXYWNHIJNWCJZNCIRCMXRQKNGJBSCIMIODNVGHOVTUPMQNTMYHMCNMLNHOINRBJRIDPVBKOVNOBIVDNULQQBDDRRMFOUCYIIWDJDRHJAAAIZWWMDZWOSGFOUDORNEKQI
SYNTHETIC_P03	IPLBLUPIWKQAARMLAVFIWIKSPATICWRBTWMJFOJALAPAWQCNWICCJVRGAOGMJCDXKCUGWTQCWBOKKLARWCUGMPAKMVRGAKCMUGLLRMWMTAKLMOBATCLOUTBCKYYKXAFIQILJGRVLKNUVEKNXFMACBZDLJYKKRIJAIKSBKJCPFEPKBLWCJNRM
SYNTHETIC_P04	ICPHUGDCHVNMCLEPFIXAASBUQMOPPJNCIPPBTXLXWFKPCJCFXECQSLRDJPYPKKMFVKOCJSNFQUXWDCOIFSVKCKNQRWOJQTMDBICAUBAXEXSGUINEQDPIIHWOMCMIVMKWQFCWNYXLFWJPLBBCMDPJGLMWSHGWPGOJOAUHMTADMLPKPLAUKWSE
SYNTHETIC_P05	XJIVPAJHJKVNQBFLKMQRIIPAYPXMFOGPFAUQMMTAPGKRVIEJOLBNHACJEVTRXVPWQCNCINCKDKWATULRUTWBTCJMCMGEZUGNGICGGDPVCZXWJQHWKFAIMNKGFPUBCKFIDKMULWQIAAONKEJTJBSVAQALDDCUEWKLCZPIWYWCTABKDMFOXUYZ
SYNTHETIC_P06	LWLJNIHJDMMKNTDMRIOJCKMROKLCPWNQDXCCRLPISRMLIVGODJODZTBBBUKKXMRIRAEVMBWFRPXJLZACNOYZWFVMZXLCQXOMZUPLWIASDJNRFLNOXNIDSCBMODJJLWBYDSRBKSAWJUKJCJYQWPDWMFACEMELIFJBSMLIVTNCFHNFUEYCKCAG
SYNTHETIC_P07	PPJLGEACOPSLSVHVGIDQCUNGBVLFLPGHZFUKMHDKEIQAHJJCWAXBMIJBIRWUCFPVAMCXRWWQNDRFUJGBHAASNBGHTUIOPYBCMPIEAWJKWVMJBSTBJWHHTQRCRBBPJKIPICAITLLAJWSBQGGJSWHNGBADFIEGVZKGBXQXIVWCBBEWWHCYADNZ
SYNTHETIC_P08	CSBKZFQDMROZKJJGVOPKCLACLPAMYOXZGLCWBFUHEVHAEZKMWGGRKPZFMCPKMDIGWKGPMQRCBAFWYFEGIIFBLLAUKCHEBQRCJNGDHKHSPKSOMWMAANMFWMRHESVGAZKZDHSIWPDUJQDYMFNAJIGQPTPHUXHBFCAHENUNCBPKYIDOKWMXDUMM
SYNTHETIC_P09	SHPCDKEGGPTMKFSTIIEIQFGHTGTMRNXGEIATDPQCOMGIAJWDBTTIGWJWBEVPTMRMBNCNCECKSRAPNIACPBJNIDOHTKDBYQUSGGCDKKNCTAIMUCPWFPMKRPSKJNQTYMRFWJPQIIDMRMKEJAAJWGUMKMQMWJSZEVDBKWJQPTFCKWLJLMDBYSAO
SYNTHETIC_P10	HLDPWBOAFBAAJKCBNWQFBTHGAQWJLHKAEMJDAJSZNSJDPEQNKSCJJZWQJIZRGPAGFSKHGVKQIHJBAFIJSSPOLFVRFBKDOLXGNWMQZPVRPTBFJLOJJCOBHQOTKKPXPAZPCJAECLKZKKRXQXEIWXPELHDXYJBMSXYVJWCFJPOWDALBIZBAMDSH
