case_id	period	raw_quadgram_score	parameter_penalised_score	effective_key_representative	plaintext
HC696_FINAL_VISIBLE	1	-2935.94210863	-2938.50705799	W	GAWORSCAYWKFJLAYYFVCSWXFFWWONJAQSUMOGQKTNTGBTSZMBTXSXKDGHYCCQOSMTLGRLGHPQYIUZTNTHEIQSBCBLPVKBVGTGALURSIHIFKETFYKVHDATFISKUWAICASHUQZFRESYBGOSQTENSWKGKSAGDZJAALPEZTFCJZHJJAKBZPCIRHB
HC696_FINAL_VISIBLE	2	-2889.5806284	-2894.71052711	OK	DESATNTAIVOVGYDEUVEUUFXFDEOWSGIMRFVELDJBOMSNCHSIEXKYPOLOHIREWAPWLRLBKAZKTBYWYNSZLBWETIBGCVGMLRNZMESAPBTBIVWAWYEAOOGISTFATWMGLGVIFLNFLKJYRRBUUBRECETKMADABHVDKETSABRVBHANJYBEUPYWHSIB
HC696_FINAL_VISIBLE	2	-2918.28489399	-2923.4147927	CQ	JBGGTFTHBVCVMYREUVEUUCXLJBCCSDISRCVKEAXHOJSTIESOKXYYPOLOAFFKWKPCERLBDKNKTLYCYNSZSLLKTFBMIVUMERBZFBGGPLTHBVKAWYEAOOGISTFAFWBGEDJOLIBLEPXFRRBUULRKIBTQFKRGHEJJDBHSGLFBHEOTCYPEUPYWASWB
HC696_FINAL_VISIBLE	2	-2923.35184383	-2928.48174255	IS	GAMITETJLVIVJYXEUVEUUBXNGAIESCIURBVMBMDJOISVFDSQHXEYPOLOKELMWJPEBRLBAJTKTKYEYNSZBTQNTEBOFVAMBRHZTANIPKTJLVQAWYEAOOGISTFACWHGBCPQIHHNBGDGRRBUUTRNFWTTCJXIEDPLAANSDKLDEDUVMYVEUPYWOSDB
HC696_FINAL_VISIBLE	3	-2867.93088245	-2875.62573053	OCQ	WKRTSOYPVBFQEUDCFTSUXCHXCHNOPPLRCITVBKFJSNMIZSVSDWXKYSLAFYHSSILOOMCDKIVBTKEYOPSELSEYGDWBZBZSJLHPWKJTSOMPAZAYYVVEALMETTHECOTMHASZILTPIFDIRNLGTGTQCCRTDKRHEBXXWNHSTJNVEFADEZEAFETASDKK
HC696_FINAL_VISIBLE	3	-2887.29963779	-2894.99448587	EOM	HERIEOYICBQNJUFSFPSUXCHXHBNEBPDREYTVGEHZEJECZIHSIWXAYSDHHOTOSCAOAMHKMYHXTEGYALSLASQULKWBLBZSLLHLHELIEKEPCPAUYVVEALELTJTEHOTCHADZKATLAMFYDJDATWFQHJRTPKRBGBJTHNPJTENVZFAYJZGQFATHMDWH
HC696_FINAL_VISIBLE	3	-2901.04281044	-2908.73765851	EWU	HARIMOYELBYVJUYSFWSUXCHXHKNEJPDRAYTVGADZMRELZIPSIWXAYSDDDOBWSLJOIMHGIYPFTACYITSHJSYCLGWBTBZSHLHTHAHIMSEPLPACYVVEALEHTJBEHOTCHADZGATTAIBYLRDJTWNQHFRTXKRVCBQBHNFJTNNVCFAHJZCQFITDIDEP
HC696_FINAL_VISIBLE	3	-2901.78528786	-2909.48013593	QOC	BERUEOYIHBQDDUKEFFSUXCHXBBNQBPSRJLTVAEMLEZLCZUHSCWXMYSKHMATESCFOAMBKEKHNTELYABSLFSQKFKWBLBZSDLHBBEDUEALPHBAKYVVEALLLTVTEBOTOHAKZCMTBHMKKDZKATIFQBJRTPKRBLBJJBNBVTVNVLFAPDZLCFQTHEDWX
HC696_FINAL_VISIBLE	3	-2911.03386402	-2918.72871209	KMM	EFROCOYJCBONGUFYFPSUXCHXECNKZPAREETVDFHFCJBDZOFSFWXGYSAIHUROSDAOYMELMEFXTFGYYLSMASOUIRWBIBZSLLHLEFLOCKBPCVAUYVVEALBMTPREEOTIHAAZKGTLPAFFBJABTCDQEKRTNKRCGBHTENPPTENVZFAYYZGXFATIMDUH
HC696_FINAL_VISIBLE	3	-2911.21649361	-2918.91134168	EQC	HDRIGOYHHBSDJUKSFFSUXCHXHANEDPDRJYTVGDMZGZEBZIJSIWXAYSDGMOVESBFOCMHREYINTDLYCBSKFSSKLJWBNBZSDLHBHDDIGAEPHPAKYVVEALEKTJVEHOTCHADZCATBALKYFZDMTWHQHIRTRKRALBLJHNBJTVNVLFAPJZLQFQTGEDYX
HC696_FINAL_VISIBLE	3	-2918.36749744	-2926.06234552	COS	IERGEOYIMBQTKUCQFVSUXCHXIBNCBPERBWTVHEEXEPFCZGHSJWXYYSEHEMTUSCKOAMIKJWHDTEDYARSLKSQAMKWBLBZSILHRIEIGEQTPMMAAYVVEALFLTHTEIOTAHAEZHYTRBMCWDPEATUFQIJRTPKRBZBJYINGHTLNVDFAFKZDOFGTHJDWN
HC696_FINAL_VISIBLE	3	-2921.9670639	-2929.66191198	KQW	EDROGOYHKBSXGUAYFZSUXCHXEANKDPARMETVDDCFGTBBZOJSFWXGYSAGCUVYSBIOCMERHEIHTDBYCVSKISSEIJWBNBZSGLHVEDGOGUBPKVAEYVVEALBKTPVEEOTIHAAZFGTVPLAFFTAMTCHQEIRTRKRABBLDENEPTPNVBFAJYZBXFKTGHDYR
HC696_FINAL_VISIBLE	3	-2926.12775803	-2933.8226061	EYY	HMRIOOYDJBAZJUMSFBSUXCHXHJNELPDRLYTVGMBZOVEKZIRSIWXAYSDONOCBSKHOKMHFGYRJTMAYKXSGHSAGLFWBVBZSFLHXHMFIOWEPJPAGYVVEALEGTJDEHOTCHADZEATXATMYMVDUTWOQHERTZKRJABTFHNDJTRNVAFALJZAQFMTCGDGT
HC696_FINAL_VISIBLE	3	-2931.88140392	-2939.576252	UWK	MARYMOYEDBYLBUGIFNSUXCHXMKNUJPIRFOTVLAIPMHJLZYPSAWXQYSIDIEBMSLBOIMMGAOPVTAHYIJSHBSYSDGWBTBZSRLHIMARYMJJPDFASYVVEALJHTZBEWOTTHAIZLQTJFIGOLHIJTMNQMFRTXKRVHBQRMNKZTDNVHFAXBZZGFZTDADEF
HC696_FINAL_VISIBLE	4	-2867.21741486	-2877.47721229	CAOU	KETNGQPLCUGYDVXIZSUXEUDHHASYDNOKSELVUUHPYGWCSCSMIXPOYYTOJDCIEUVUPWRILAINYMEDYNMTFFMDLVJSFZLRUNKHKEITGQNLGTCYLBWGUTLJHJTYATSYBGBKEDSFAVZIXSAJBUHKQETITALLALKWISIZCAVZELEBLZAPPECSASWB
HC696_FINAL_VISIBLE	4	-2867.89578056	-2878.15557799	CKWA	KMTNGAPLCUCYDVFIZSUXEUDHHISYDXOKSMHVUEPPYTLMSNBSIXPOYYTOJLLFEEDAPWGFLARTYHAAYXUZFAIALFRYFZHRUNKHKMETGAVLGTLYLBEGUTHGHJBEATSYBGBKELSCAFZOXSUGBUOQQMTFTKLLAGGWICIZCIVZEVEBLZJPPEKSASWB
HC696_FINAL_VISIBLE	4	-2874.05965042	-2884.31944785	CAMI	KETNGQPLCUHYDVVIZSUXEUDHHASYDNOKSEMVUUFPYGDISCRAIXPOYYTOJDWBEUSIPWLBLAHBYMFJYNKHFFAJLVHGFZMRUNKHKEJTGQLLGTDYLBUGUTMTHJRNATSYBGBKEDSLAVZWXSBCBUFYQETBTALLALLWISIZCAVZELEBLZBPPEASASWB
HC696_FINAL_VISIBLE	4	-2875.05086231	-2885.31065974	UAMC	BETNYQPLGUHYVVVIZSUXEUDHLASYVNOKSEMVUUFPYGDLSCRUMXPOQYTOADWEWUSCPWLELAHVYMFNYNKAJFANDVHBTZMRNNKHBEJTYQLLKTDYDBUGUTMFHJRGETSYTGBKIDSBSVZQXSBFBUFSQETETALLELLWASIZGAVZWLEBCZBPHEASESOB
HC696_FINAL_VISIBLE	4	-2879.81590939	-2890.07570682	YAUC	METNCQPLEUDYZVDIZSUXEUDHJASYZNOKSEIVUUNPYGMLSCZUKXPOUYTOLDMEAUBCPWHELAPVYMBNYNSAHFJNHVPBHZIRQNKHMEFTCQTLITMYHBCGUTIFHJZGCTSYXGBKGDSBWVZQXSKFBUNSQETETALLCLHWESIZEAVZALEBAZKPLEISCSSB
HC696_FINAL_VISIBLE	4	-2880.79278374	-2891.05258117	CGWW	KBTNGWPLCUCYDVFIZSUXEUDHHKSYDTOKSBHVUAPPYDLBSIBOIXPOYYTOJALHEADWPWGHLARPYJACYTUVFCICLBRUFZHRUNKHKBETGWVLGTLYLBEGUTHIHJBAATSYBGBKEASEABZKXSUTBUONQBTHTGLLAIGWIYIZCKVZEREBLZJPPEKSASWB
HC696_FINAL_VISIBLE	4	-2884.51666212	-2894.77645955	GGWO	IBTNKWPLQUCYGVFIZSUXEUDHFKSYHTOKSBHVUAPPYDLFSIBGGXPOCYTOHALLIADOPWGLLARHYJAGYTUNDCIGPBRMDZHRYNKHIBETKWVLUTLYOBEGUTHMHJBSLTSYFGBKCASIEBZCXSUMBUOEQBTLTGLLLIGWMYIZAKVZIREBJZJPTEKSLSAB
HC696_FINAL_VISIBLE	4	-2889.10722446	-2899.36702189	YAMW	METNCQPLEUHYZVVIZSUXEUDHJASYZNOKSEMVUUFPYGDBSCROKXPOUYTOLDWHAUSWPWLHLAHPYMFCYNKVHFACHVHUHZMRQNKHMEJTCQLLITDYHBUGUTMIHJRACTSYXGBKGDSEWVZKXSBTBUFNQETHTALLCLLWESIZEAVZALEBAZBPLEASCSSB
HC696_FINAL_VISIBLE	4	-2889.36029911	-2899.62009654	YAEI	METNCQPLEULYZVNIZSUXEUDHJASYZNOKSEDVUUXPYGHISCJAKXPOUYTOLDHBAULIPWCBLAZBYMJJYNCHHFEJHVZGHZDRQNKHMEATCQDLITHYHBMGUTDTHJJNCTSYXGBKGDSLWVZWXSFCBUXYQETBTALLCLCWESIZEAVZALEBAZFPLESSCSSB
HC696_FINAL_VISIBLE	4	-2900.97170973	-2911.23150716	UAAE	BETNYQPLGUAYVVJIZSUXEUDHLASYVNOKSEFVUUTPYGJKSCFWMXPOQYTOADJDWUHEPWEDLAVXYMLLYNYDJFGLDVVCTZFRNNKHBECTYQZLKTJYDBIGUTFEHJFIETSYTGBKIDSASVZSXSHEBUTUQETDTALLELEWASIZGAVZWLEBCZUPHEPSESOB
HC696_FINAL_VISIBLE	5	-2787.86361217	-2800.68835896	EEGCS	RENNYJVPKTJUIUMMJVEUQIWHEWYEQTISREMYSUXLTHJEZSHKVTONCOESPLPCTDRBWPQNXKEJJKEWAYORDENDWNZBBBROBTALGEYOTAVUKTURBBOUTSKKTHJWESYTJCHAKYPEIDIYTBRONHWCRQYEBSZMIDWBYMVJLGZQLHOFAFASTOSSSZWD
HC696_FINAL_VISIBLE	5	-2795.66875887	-2808.49350566	EEYSE	RENNYJVPKTJUMUGMJNEGQIWMLWYEQFISRJGYSUNXTHASZSHCKTONGOLSPLPOTDRGWPQNNKEJACLWAYEDDEBIWNZSRBROFTHLGWYATAJUTTUIBMOUTSEKTHJIESYTSCHAKLPEMICYTTHANHWHRQYERSZMMIWBYELJLGZQFHOFARASTOSSSZWD
HC696_FINAL_VISIBLE	5	-2804.12341261	-2816.9481594	EWOUE	RTNNYJMPKTJUEUGMJDEGQMWLLWQEQFISRIGYSUPXTLFIZSZSNTONLOLSPLPOTHRFWPINPKEAFBLWSYGDDIGHWNRITBROKTHLGMYATEBUTTMYBMOUTSEKTHJIESYTSCHAKLPIERCYLJIANLWGRQQETSZDEHWBQUNJLKZQFHGFARASTOSSSZWD
HC696_FINAL_VISIBLE	5	-2816.22283077	-2829.04757756	EEWUE	RENNYJVPKTJUAUGMJLEGQIWLLWYEQFISRIGYSUPXTHBIZSHANTONHOLSPLPOTDRFWPQNPKEJBBLWAYGDDECHWNZQTBROGTHLGUYATAKUTTUGBMOUTSEKTHJIESYTSCHAKLPEARCYTRIANHWGRQYETSZMAHWBYCNJLGZQFHOFARASTOSSSZWD
HC696_FINAL_VISIBLE	5	-2816.67306995	-2829.49781674	UKYUK	HBNNYYBPKTBUMUDCJNEMQFWLIWEEQLASRIDOSUPDTEAIZSNCNTONGOISPLPUTARFWPWNPKTGABINGYGJIBBHWDFSTBROFTELGWYGTKJUBTAIBTOUTSBKTHJOJSYTASHAKQPBMRMYZTIGNEWGRQEETSZJMHWBEENJDDZQCXUFAXFSTOSISZWD
HC696_FINAL_VISIBLE	5	-2816.68118525	-2829.50593203	EKYUE	RBNNYJBPKTJUMUGMJNEGQFWLLWEEQFISRIGYSUPXTEAIZSNCNTONGOLSPLPOTARFWPWNPKEGABLWGYGDDBBHWNFSTBROFTHLGWYATKJUTTAIBMOUTSEKTHJIESYTSCHAKLPBMRCYZTIANEWGRQEETSZJMHWBEENJLDZQFHUFARASTOSSSZWD
HC696_FINAL_VISIBLE	5	-2817.06714106	-2829.89188784	OEISK	KENNYSVPKTYUYUDXJWEMQIWMIWYEQLDSRJDISUNDTHISZSHMKTONBOISPLPUTDRGWPQNNKMJICIGAYEJLEJIWXZCRBROATELGGYGTAEUBTUSBTOUTSBKTHJOTSYTANHAKQPEHIMYTDHGNHWHRQYERSZMHIWBYOLJGGZQCROFAXISTOSCSZWD
HC696_FINAL_VISIBLE	5	-2818.00910568	-2830.83385247	EQOOE	RLNNYJHPKTJUEUGMJDEGQCWBLWKEQFISRLGYSUJXTWFLZSSSHTONLOLSPLPOTKRIWPCNJKEDFELWMYADDLGKWNLINBROKTHLGMYATHBUTTGYBMOUTSEKTHJIESYTSCHAKLPLEKCYFJDANBWJRQKENSZGEKWBKUHJLAZQFHAFARASTOSSSZWD
HC696_FINAL_VISIBLE	5	-2818.28158951	-2831.1063363	OEWUK	KENNYSVPKTYUAUDXJLEMQIWLIWYEQLDSRIDISUPDTHBIZSHANTONHOISPLPUTDRFWPQNPKMJBBIGAYGJLECHWXZQTBROGTELGUYGTAKUBTUGBTOUTSBKTHJOTSYTANHAKQPEARMYTRIGNHWGRQYETSZMAHWBYCNJGGZQCROFAXISTOSCSZWD
HC696_FINAL_VISIBLE	5	-2834.23548794	-2847.06023473	OCKYK	KFNNYSTPKTYUGUDXJZEMQJWJIWWEQLDSRGDISUTDTIHGZSFORTONAOISPLPUTERDWPONTKMKHMIGYYKJLFIFWXXEXBRORTELGJYGTBDUBTSUBTOUTSBKTHJOTSYTANHAKQPFGFMYRFNGNIWERQWEXSZAGFWBWQRJGHZQCRMFAXISTOSCSZWD
HC696_FINAL_VISIBLE	6	-1846.81228352	-1862.20197966	OAQKEQ	MANYPATROLSHAVESUCCESSFULLYACCOMPLISHEDTHEIRMISSIONSONLYTOLOSEPERSONNELBYAHASTYNOISYWITHDRAWALXNIGHTPATROLSGOOUTSTEALTHILYTAKINGALLPRECAUTIONSBUTFORGETALLTHATINGETTINGBACKTOSAFETYX
HC696_FINAL_VISIBLE	7	-2824.43686295	-2842.39150845	YQCEUOU	BFYPVJUDGPKTFBGUXNQXWATFUCGWXKDSVEDISWTVINADXHXPEDISCMXQGBFDRIWAKJEPBMADNAILTRMZQSMSVTZDHORANBFNMKHPVFJWBXKSVFACTTHEWOJGIGJEBQESBEYKHVTAZZDOWIRESHRQLEDSPLPUFQDVCJZHSNMXIHETOSKFQTYX
HC696_FINAL_VISIBLE	7	-2828.25607634	-2846.21072184	GQCEUOM	KFYPVJULGPKTFBCUXNQXWITFUCGWXKDSVEHISWTVIFJDXHXPILISCMXICBFDRIWIKJEPBMZDNAILTYMZQSMSVTZDHORANBFNMKDPVFJWFFKSVFAUTTHEWOAGIGJEBIASBEYKLDTAZZDGWIRESHRQLEDSPLPUFQDVGJZHSNMPEHETOSSFQTYX
HC696_FINAL_VISIBLE	7	-2831.34396267	-2849.29860817	GQCEYCS	KFYPVCULGPKTTBCUXNQXWITFUCGWXKDSVYEISWTVXLJDXHXPFLISCMXOCBFDRBWIKJEPPMZDNAGETYMZQWASVTZDFORANBFRMKDPVFHWCFKSVJAATTHEWOKGIGJEBOASBEYDIDTAZZRMWIRESORQLEDSCLPUFQBVDJZHSRMVEHETOSSFQTYX
HC696_FINAL_VISIBLE	7	-2833.99940348	-2851.95404898	GYWOYWI	KBYPVFULOPKTNBCUXNQXWITFUCGWXGGSVANIAQTVQAJMXCXPKLQSMMXECWILREWITDOPJMZMNIGHTYUZAWUSVHZLFORAUBPRMKDPVAHWHFKSFJAQTTKMWOCGIATEBEASEMYGADTUJZLCWERTSDRQTEMSXLPUIQBVIJZBSRMLEDSTOSSFLTYX
HC696_FINAL_VISIBLE	7	-2836.9502821	-2854.9049276	GGCEGUA	KKYPVGULWPKTLBCUXNQXWITFUCGWXCDSVBAIIWTVOTJIXHXPBLYSCMXWCGFDRFWIAJEPHMZINACITYCZQESSVDZDBORACBFZMKDPVFDWLFKSVRAITTHEWOGGIGJEBWASBEYREDTAZZIUWARESERQBEDSVLPUFQKVMJZHSZMDEMETOSSFQTYX
HC696_FINAL_VISIBLE	7	-2839.8718853	-2857.8265308	OGCEYCK	GKYPVCUTWPKTTBLUXNQXWQTFUCGWXCDSVYIIIWTVXDFIXHXPJTYSCMXGLGFDRBWQAJEPPMFINAGETHCZQWASVDZDFORACBFRMKTPVFHWGMKSVJASTTHEWOBGIGJEBGJSBEYDMLTAZZREWARESORQBEDSCLPUFQBVHJZHSRMNAMETOSAFQTYX
HC696_FINAL_VISIBLE	7	-2841.57183409	-2859.52647959	GYUEYCS	KBYPVCULOPKTTBCUXNQXWITFUCGWXGHSVYEIAOTVXLJMXHXPFLQSCMXOCWJDRBWITBEPPMZMNAGETYUZQWASVHZDFORAUBFRMKDPVFHWCFKSVJAATTLEWOKGIYJEBOASFEYDIDTSZZRMWERESORQTEDSCLPUJQBVDJZZSRMVEDITOSSFITYX
HC696_FINAL_VISIBLE	7	-2845.01704025	-2862.97168575	GYWOCGI	KBYPVAULOPKTXBCUXNQXWITFUCGWXGGSVINIAQTVAAJMXCXPKLQSMMXECWILRMWITDOPTMZMNIECTYUZAAESVHZLDORAUBPVMKDPVATWHFKSFMAQTTKMWOCGIATEBEASEMYBADTUJZVCWERTSLRQTEMSHLPUIQMVIJZBSVMLEDSTOSSFLTYX
HC696_FINAL_VISIBLE	7	-2848.39003181	-2866.34467732	SWCEEUK	ECYPVGUXMPKTLBJUXNQXWUTFUCGWXHDSVBIIYWTVODDAXHXPJXOSCMXGJLFDRFWUQJEPHMDANADITLSZQCSSVIZDCORASBFXMKKPVFEWGRKSVPASTTHEWOBGIGJEBGHSBEYRMPTAZZIEWFRESERQREDSVLPUFQLVHJZHSXMNLEETOSEFQTYX
HC696_FINAL_VISIBLE	7	-2848.64029408	-2866.59493958	GYUEGUA	KBYPVGULOPKTLBCUXNQXWITFUCGWXGHSVBAIAOTVOTJMXHXPBLQSCMXWCWJDRFWITBEPHMZMNACITYUZQESSVHZDBORAUBFZMKDPVFDWLFKSVRAITTLEWOGGIYJEBWASFEYREDTSZZIUWERESERQTEDSVLPUJQKVMJZZSZMDEDITOSSFITYX
HC696_FINAL_VISIBLE	8	-2732.63652849	-2753.15612335	EWMAEYWO	LAPVQUCEINOLTOAQNQXWVBSYEUCGXTEQYCIRJHWZUREPYOSINSONXQLLAYTOKOHSZQAGJZAGLAGSOLOLCLDITASKNRGYAVBPATJVUHLYIMKKTPGATVAJOTHEGIREFATMEAREIGJMDRZOZMTWOGVZMMRCTXLLSOBJQJQYKAUPHHFARAGYMSYB
HC696_FINAL_VISIBLE	8	-2737.11628771	-2757.63588257	EWOUEYWO	LAPVQUCEINOLTOAQNQXWVBSYEUCGXTEQYCHRJHWZURGPYOSINSONXQLLAYTOKOHSZQMTJZAGLAINOLOLCLCLTASKNRISAVBPATIVUHLYIMMKTPGATVMMOTHEGITYFATMEARRIGJMDRZJZMTWOGVZMMRCTXLLSOBJQJQYKAUPHHFARAGYMSYB
HC696_FINAL_VISIBLE	8	-2740.13567495	-2760.65526981	EWMAUQWO	LAPVQMCEINOLTHAQNQXWVFSYEUCGXLEQYCIRBLWZUREPOGSINSONXQLLAYTOKOHSZQAGBZAGLAGSELOLCLDITESKNRGYANBPATJVULLYIMKKTHGATVAJOTHEGIREFATMEAREAKJMDRZOPETWOGVZEDRCTXLLIGBJQJQYCEUPHHFAHSGYMSYB
HC696_FINAL_VISIBLE	8	-2745.55343485	-2766.07302971	SQKAUQUK	EDPVQMDGWHOLTHAMNQXWVFSYEUCGXLEQYFORBLMZULDPOGRIESONXQMAPYTOKOFOZQBGBZBILAESELMHIBEITESMBLEYANBLGLKVULMYWHIKTHEATVBJOTIGGIPEFARIKDREAKKBRLZOPERSOJVZEDRETRLLIGBFHMQYCEUPUBFAHSGYFSMB
HC696_FINAL_VISIBLE	8	-2747.30595446	-2767.82554932	EWCIOYWO	LAPVQUCEINOLTOAQNQXWVBSYEUCGXTEQYCAREHWZURUPIOSINSONXQLLAYTOKOHSZQFCEZAGLAWAYLOLCLIETASKNRWGAVBPATBVUHLYIMAKTPGATVFFOTHEGIHMFATMEARADGJMDRZWJMTWOGVZOMRCTXLLDOBJQJQYFAUPHHFABAGYMSYB
HC696_FINAL_VISIBLE	8	-2753.95756865	-2774.47716351	OIQAUQUK	GHPVQMDGSZOLTHAMNQXWVFSYEUCGXLEQYJGRBLMZUDIPOGRIGSONXQMALYTOKOFOZQLGBZBILAKSELMHKFBITESMXDKYANBLICHVULMYSZOKTHEATVLJOTIGGIVEFARITHREAKKBMDZOPERSORVZEDRETILLIGBFJDQYCEUPQTFAHSGYHSIB
HC696_FINAL_VISIBLE	8	-2754.39012003	-2774.90971489	EGEAUQWK	LYPVQMCGIWOLTHAMNQXWVFSYEUCGXLEQYNMRBLWZUAWPOGSINSONXQLAAYTOKOHOZQEGBZAILAYSELOHCGHITESMNBYYANBLADAVULLYIXCKTHGATVEJOTHGGIJEFATIEIREAKJBDBZOPETSOBVZEDRETHLLIGBFQEQYCEUPHRFAHSGYMSYB
HC696_FINAL_VISIBLE	8	-2758.47849607	-2778.99809093	EWMAUQUK	LAPVQMDGINOLTHAMNQXWVFSYEUCGXLEQYCIRBLMZUREPOGRINSONXQMAAYTOKOFOZQAGBZBILAGSELMHCLDITESMNRGYANBLATJVULMYIMKKTHEATVAJOTIGGIREFARIEAREAKKBDRZOPERSOGVZEDRETXLLIGBFQJQYCEUPHHFAHSGYMSYB
HC696_FINAL_VISIBLE	8	-2759.01519251	-2779.53478737	UKYAUQUK	DGPVQMDGYBOLTHAMNQXWVFSYEUCGXLEQYICRBLMZUFQPOGRIDSONXQMARYTOKOFOZQHGBZBILASSELMHHEWITESMDFTYANBLFBDVULMYYBWKTHEATVHJOTIGGIDEFARIJGREAKKBTFZOPERSOMVZEDRETLLLIGBFGCQYCEUPWVFAHSGYESOB
HC696_FINAL_VISIBLE	8	-2761.76639414	-2782.285989	USMAUQUK	DCPVQMDGYJOLTHAMNQXWVFSYEUCGXLEQYEIRBLMZUNEPOGRIDSONXQMARYTOKOFOZQAGBZBILAGSELMHHADITESMDNGYANBLFKJVULMYYJKKTHEATVAJOTIGGIREFARIJCREAKKBTNZOPERSOIVZEDRETTLLIGBFGLQYCEUPWDFAHSGYESOB
HC696_FINAL_VISIBLE	9	-2752.24763346	-2775.33217767	CKIOMAEAO	KKVQUAYHEHAPLTRADPWVNLYYDEXCHXIERENOFEISZLIWXWBEJTCITSEECLLCWESMOLITBONNSACTSTNECYWGMTZSDXWYAPACECBKGGZJSJQMTSTTVTHBTFBKSGJIFEBTHRRKDUMYTHIYPYOKRDZOFEWAITLLKARBVVYZIAPSEOLEBUQGYRED
HC696_FINAL_VISIBLE	9	-2754.6642251	-2777.74876932	CKIOWMEAO	KKVQUHYHEHAPLTDADPWVNLYYDEXCHXIERENOFEISZFIWXWBEJTOITSEECLGJWESMOLIDNONNSACTSTNECYWGMTZSDXWYAPIPECBKGGZTFJQMTSTTVTHBTFBKSGJIFEBTHRREDUMYTHIYBYOKRDZOALWAITLLKKDBVVYZIAPSEOLEBUQGYRED
HC696_FINAL_VISIBLE	9	-2759.61666489	-2782.7012091	EKIOWMEAQ	JKVQUHYHDJAPLTDADRWVNLYYDEXCHXIERENOEEISZFIWXYBEJTOITSDECLGJWESOOLIDNONNSACTSTNEBYWGMTZSDZWYAPIPECAKGGZTFJQOTSTTVTHBTFBKSGJIFEATHRREDUTATHIYBYONRDZOALWAHTLLKKDBVXYZIAPSEOKEBUQGYREF
HC696_FINAL_VISIBLE	9	-2761.00369787	-2784.08824209	CKOECMEAO	KKVQUHYHEHAPLTDADPWVNDYYDEXCHXYERENOFEFSZFIWXWBKJTOITSEEMDRJWESMORYINONNSATESTNECYWNDTZSDXWYKPFPECBKGMZZFJQMTSTTVTHBTFBKSGJIFEBTECREDUMYTNZYBYOKRDZOKLWAITLLKQDBVVYZFFPSEOLEBAGGYRED
HC696_FINAL_VISIBLE	9	-2764.64886713	-2787.73341135	CKOYMMEAO	KKVQUHYHEHAPLTDADPWVNGYYDEXCHXSERENOFEFSZFIWXWBKJTOITSEEMGLJWESMORSTNONNSATHSTNECYWNXTZSDXWYKPAPECBKGMZJFJQMTSTTVTHBTFBKSGJIFEBTEFREDUMYTNTYBYOKRDZOFLWAITLLKADBVVYZFIPSEOLEBAAGYRED
HC696_FINAL_VISIBLE	9	-2765.31423807	-2788.39878229	CKOIAAEAO	KKVQUAYHEHAPLTRADPWVNBYYDEXCHXCERENOFEFSZLIWXWBKJTCITSEEMBECWESMORCHBONNSATCSTNECYWNHTZSDXWYKPGCECBKGMZXSJQMTSTTVTHBTFBKSGJIFEBTEARKDUMYTNDYPYOKRDZOLEWAITLLKORBVVYZFDPSEOLEBAKGYRED
HC696_FINAL_VISIBLE	9	-2768.71929789	-2791.8038421	CKOEYQEAO	KKVQUFYHEHAPLTHADPWVNDYYDEXCHXYERENOFEFSZDIWXWBKJTSITSEEMDFHWESMORYFRONNSATESTNECYWNDTZSDXWYKPHHECBKGMZVIJQMTSTTVTHBTFBKSGJIFEBTECRCDUMYTNZYFYOKRDZOMJWAITLLKMHBVVYZFFPSEOLEBAGGYRED
HC696_FINAL_VISIBLE	9	-2771.9631424	-2795.04768661	WKIOAYOAO	AKVQUBYHEBAPLTPADPWVNLYYLEXCHXIERONOIEISZMDWXQBEJTASTSHECLEDWESGOLIHZONNSACTSTNECYWGMTZSDXWYAPGDMCBKGGZXQTQMTSTTVTWBTFBKSGJTFEETHRRLLUMSTHIYNIOKRDZOLFWAITLLKOPBVVYZIAPSMOLEBUQGYBED
HC696_FINAL_VISIBLE	9	-2772.91169214	-2795.99623636	CKIOYQEAO	KKVQUFYHEHAPLTHADPWVNLYYDEXCHXIERENOFEISZDIWXWBEJTSITSEECLFHWESMOLIFRONNSACTSTNECYWGMTZSDXWYAPHHECBKGGZVIJQMTSTTVTHBTFBKSGJIFEBTHRRCDUMYTHIYFYOKRDZOMJWAITLLKMHBVVYZIAPSEOLEBUQGYRED
HC696_FINAL_VISIBLE	9	-2773.75665569	-2796.84119991	EKIOYQEAQ	JKVQUFYHDJAPLTHADRWVNLYYDEXCHXIERENOEEISZDIWXYBEJTSITSDECLFHWESOOLIFRONNSACTSTNEBYWGMTZSDZWYAPHHECAKGGZVIJQOTSTTVTHBTFBKSGJIFEATHRRCDUTATHIYFYONRDZOMJWAHTLLKMHBVXYZIAPSEOKEBUQGYREF
HC696_FINAL_VISIBLE	10	-2720.78763962	-2746.43713319	QOQQAUOYCA	HBQUNBUMGVUFPLTKBBCUSEYSEASRSIWIFQBGOKJDYDBCPENSANSQUITSNWZYRLZITTEAKNPBNKKAIRMLBBLESHOFFWYIKPBRAYUMBEAVBOATSTTEABIAXHFAEJSQFFMYDEPGALHSLTBUTLOJVCOYDJRIFPTVKKRRIEZZHFSTASTYFAMWGZOF
HC696_FINAL_VISIBLE	10	-2721.36439419	-2747.01388776	SOQQAUOSUA	GBQUNBUCKVWFPLTKBVUUSEYSEASRSIWIFQBGOKJDYDBCPENSENSQUITSNWRYRLZITTEDBNPBNKKAILELABLESHOITWAIKPBRASNMAEAVBOATSTTEABIAXHFADJSQFFMYHERGALHSLTTUTLOJVCOYRJRIFPTVKKIRHEZZHFSTESVYFAMWGZGF
HC696_FINAL_VISIBLE	10	-2724.23781443	-2749.887308	SYGMAUOSUA	GJQUNBUCKVWPPLTKBVUUSMYSEASRSIWSFQBGOKJDYLGEPENSENSAKETSNWRYRSZQTTEDBNPKNHKAILELAJDGSHOITWASALBRASNMAMVVBOATSTTORBIAXHFADESQFFMYHERGALHSLTTUTGOLVCOYRJRSFLTVKKIRHMZZHFSTESVIFAMWGZGF
HC696_FINAL_VISIBLE	10	-2726.19894981	-2751.84844339	OUWQAUOSUI	ILQUNBUCKVSLPLTKBVUUSBYSEASRSEWOFQBGOKJLYALCPENSENSWAITSNWRYRIZITTEDBNPHNKKAILELCLIESHOITWWOQPBRASNMCBKVBOATSTTKGBIAXHFAFGSQFFMYHANGALHSLTTCTIOJVCOYRFROFPTVKKIZJBZZHFSTESREFAMWGZGF
HC696_FINAL_VISIBLE	10	-2726.91959572	-2752.56908929	QOQQAUOCMK	HBQUNBUKBVUFPLTKBFMUSEYSEASRSDWIFQBGOKJNYDBCPENSINSQUITSNWJYRLZITTELYNPBNKKAIVXLBBLESHODAWYIKPBRACEMBEAVBOATSTTEABIAXHFAEJSQFFMYLMPGALHSLTLETLOJVCOYLERIFPTVKKBBIEZZHFSTISTYFAMWGZYF
HC696_FINAL_VISIBLE	10	-2728.6025672	-2754.25206077	SYCQAUOSUA	GJQUNBUCKVWPPLTKBVUUSMYSEASRSIWSFQBGOKJDYLICPENSENSAGITSNWRYRSZITTEDBNPKNKKAILELAJFESHOITWASWPBRASNMAMHVBOATSTTOMBIAXHFADESQFFMYHERGALHSLTTUTGOJVCOYRJRSFPTVKKIRHMZZHFSTESVIFAMWGZGF
HC696_FINAL_VISIBLE	10	-2728.89706421	-2754.54655778	QOQQGKOYCA	HBQUNGUMGVUFPLTABBCUSEYSBFSRSIWIFQHWOKJDYDBCPJNSANSQUITINWZYRLZITTEAKNPBNKKAIRMLBBLESMOFFWYIKPBHAYUMBEAVLOATSTTEABOAXHFAEJSQCKMYDEPGALNILTBUTLOJVHOYDJRIFPTLKKRRIEZZEKSTASTYFASMGZOF
HC696_FINAL_VISIBLE	10	-2732.00454998	-2757.65404355	SYGMAUOCMI	GJQUNBUKBVWPPLTKBFMUSMYSEASRSEWSFQBGOKJLYLGEPENSINSAKETSNWJYRSZQTTELYNPKNHKAIVXLAJDGSHODAWASALBRACEMAMVVBOATSTTORBIAXHFADESQFFMYLARGALHSLTLCTGOLVCOYLFRSFLTVKKBZHMZZHFSTISVIFAMWGZYF
HC696_FINAL_VISIBLE	10	-2732.66694546	-2758.31643903	CKAQAUOSUI	BDQUNBUCKVGBPLTKBVUUSGYSEASRSEWEFQBGOKJLYFJCPENSENSMEITSNWRYRAZITTEDBNPXNKKAILELIDGESHOITWKEUPBRASNMIGIVBOATSTTAKBIAXHFALLSQFFMYHABGALHSLTTCTAOJVCOYRFREFPTVKKIZCGZZHFSTESFUFAMWGZGF
HC696_FINAL_VISIBLE	10	-2734.55983114	-2760.20932472	KYOQAUOYUU	KJQUNBUMKVOPPLTKBBUUSMYSEASRSLWSFQBGOKJXYLWCPENSENSATITSNWRYRSZITTEABNPKNKKAIRELWJMESHOFTWTSIPBRAYNMEMBVBOATSTTOYBIAXHFAHESQFFMYHHJGALHSLTTOTGOJVCOYRMRSFPTVKKILLMZZHFSTESNIFAMWGZGF
HC696_FINAL_VISIBLE	11	-2726.21188164	-2754.42632457	IASCOCQWMMU	EDLNYGYJCZINROLSTBYMUCSRBEREVAHORERSOOKJYHSVOASOGXQWMWJSZMXKYSPLOFILEPLETISANDSDKGYYJKLSFYRPTPTEVBJAMKHMYMORDTVTWOMEYTMGGKTGJSHEAILTCLEIWQRTSIRCOOKAVJMQHFNVDQAQDBZUFJYXSHNSHEAGOSDB
HC696_FINAL_VISIBLE	11	-2730.09496784	-2758.30941077	IASCOCQWKMG	EDLNYGYJDZCNROLSTBYKUOSRBEREVAIORERSOOKJYFSVOASOGXQWAWDSZMXKYSPLORILEPLETIAANDSDKGYYJJLSFYRPTPTEDBDAMKHMYMOODFVTWOMEYTAGAKTGJSHEAGLFCLEIWQRTSIRCOOKAVJMQHFNVDQAQDBZUMJYXSHNSHEASOSDB
HC696_FINAL_VISIBLE	11	-2733.3965683	-2761.61101123	IASCOKQWOMG	EDLNYCYJBZCNROLSBBYOUOSRBERAVAGORERSOOKJYJSVOASOGXQWLWDSZMXKYSPLORILEPLATILANDSDKGGYJNLSFYRPTPTEBBDAMKHMYMOSDFVTWOMAYTSGAKTGJSPEALLFCLEIWQRTSIRCOOKAVJMQHFNVDQAQDBZUMJYXSHNSHEASOSDB
HC696_FINAL_VISIBLE	11	-2735.03445482	-2763.24889775	IASCOKWWWME	EDLNYCYJKZDNROLSBBYWUMSRBERAVACORERSOOKJYRSVOASOGXQWHWESZMXKYSPLOPILEPLATIHANDSDKGGYJVLSFYRPTPIEKBEAMKHMYTOADDVTWOMAYTHGBKTGJSPEASLDCLEIWQGTSIRCOOKAVOMQHFNVDQAQABZUAJYXSHNYHEAQOSDB
HC696_FINAL_VISIBLE	11	-2738.24118853	-2766.45563146	ICOCOKWWWME	ECANYCYJKZDNTOLSBBYWUMSRDERAVACOREROOOKJYRSVONSOGXQWHWESAMXKYSPLOPIKGPLATIHANDUZKGGYJVLSFYRPTPIEKBEAMKHMYTOADDVTWOMAYTHGBKTGJSPEASLDCKGIWQGTSIRCQKKAVOMQHFNVFQAQABZUAJYTSHNYHEAQOSDB
HC696_FINAL_VISIBLE	11	-2738.92770338	-2767.14214631	IASCOKMAWME	EDLNYCYHKZDNROLSBBCWUMSRBERAVLCORERSOOKJCRSVOASOGXQWHWESZMXKYSPLOPILEPLATTHANDSDKGGYMVLSFYRPTPACKBEAMKHMYJSADDVTWOMAYTHGBKTGJSPEASLDCLEIWQLGSIRCOOKAVERQHFNVDQAQFMZUAJYXSHNOLEAQOSDB
HC696_FINAL_VISIBLE	11	-2742.13443708	-2770.34888002	ICOCOKMAWME	ECANYCYHKZDNTOLSBBCWUMSRDERAVLCOREROOOKJCRSVONSOGXQWHWESAMXKYSPLOPIKGPLATTHANDUZKGGYMVLSFYRPTPACKBEAMKHMYJSADDVTWOMAYTHGBKTGJSPEASLDCKGIWQLGSIRCQKKAVERQHFNVFQAQFMZUAJYTSHNOLEAQOSDB
HC696_FINAL_VISIBLE	11	-2742.50779772	-2770.72224065	ICSMOKMAWME	ECLNYCYHKZDNTOLSBBCWUMSRBMRAVLCORERSYOKJCRSVONSOGXQWHWESAMXKYSPLOPIKEPLATTHANDUDKGGYMVLSFYRPTPACKBEAMKHMYJSADDVTWOMAYTHGBKTGJSPEASLDCKEDWQLGSIRCQOUAVERQHFNVDQAQFMZUAJYXSHNOLEAQOSDB
HC696_FINAL_VISIBLE	11	-2742.8168478	-2771.03129073	ICEGOKWWWME	ECFNYCYJKZDNTOLSBBYWUMSRICRAVACORERESOKJYRSVONSOGXQWHWESAMXKYSPLOPIKLPLATIHANDUPKGGYJVLSFYRPTPIEKBEAMKHMYTOADDVTWOMAYTHGBKTGJSPEASLDCKNGWQGTSIRCQBOAVOMQHFNVKQAQABZUAJYJSHNYHEAQOSDB
HC696_FINAL_VISIBLE	11	-2743.86122465	-2772.07566758	YMGCWCQWMMU	JKENYGYJCZIDDOLSTBYMUCSRHEREVAHORERGOOKJYHSVOHSOCXQWMWJSLMXSYSPLOFAFKPHETISANTERKOYYJKLSKYRPIPTEVBJQMKHVYMORDTVTWOIEYTMGGKTGJAHEAILTHFKIWQRTSIRSACKAVJMQHFNVJQUQDBZUFJYLSONSHEAGCSSB
HC696_FINAL_VISIBLE	12	-2708.39284372	-2739.17223601	OAQAMKUIEKKQ	JHNYUGUEKSCXTRPKTBAKEUTJLESVYIERYBEZOMPLINOTUEDODQBSWTIAAEMKKYSOKPENHERRTFLARWMETHAJZNPYTZTKNFFPAGBYVDEOFTATTROKSBEANBTGLDSPAGHRIAULMGBKTJRSDEZEOLRWNKUCBIVESALLABBDKDIYACKTOSAFETYX
HC696_FINAL_VISIBLE	12	-2722.12228346	-2752.90167575	WAQAMKUIEKKC	FHNYUGUEKSCXBRPKTBAKEUTJHESVYIERYBEZWMPLINOTUEDOMQBSWTIAAEMESYSOKPENHERDTFLARWMETHADZNPYTZTKNFFBJGBYVDEOFTATBROKSBEANBTGHDSPAGHRIAUFUGBKTJRSDEZQOLRWNKUCBIVLSALLABBDKDIYJCKTOSIFETYX
HC696_FINAL_VISIBLE	12	-2724.10610819	-2754.88550048	OAQAEQUOEGKQ	JHNYUDUVKSCXTRPKTHAREUTJLESVYFERYDEZOMPLITOTUADODQBSWTIKAGMKKYSOKPETHARRTFLARWMVTJAJZNPYTZTRNBFPAGBYVAEOFTATTROKSHEANBTGLDSPEDHRICULMGBKLPRSDAZEOLRWLHUMBKVESALLTHBJKZIYACKTOSAFETYX
HC696_FINAL_VISIBLE	12	-2724.38910151	-2755.16849379	OAQAEQIOEKKQ	JHNYUDUVKSCXTRPKTHAREUTJLESVYFORYBEZOMPLITDTUEDODQBSWTBKAEMKKYSOKPSTHERRTFLARWFVTHAJZNPYTZTRNFFPAGBYVAKOFTATTROKSHSANBTGLDSPEDARIAULMGBKLPFSDEZEOLRWLHUMBIVESALLTHBJKDIYACKTOSAFETYX
HC696_FINAL_VISIBLE	12	-2727.52859497	-2758.30798726	OAQAEQCEEGKQ	JHNYUDUGKSCXTRPKTHAGEUTJLESVYFARYDEZOMPLITWTUADODQBSWTERAGMKKYSOKPMIHARRTFLARWIGTJAJZNPYTZTGNBFPAGBYVAAOFTATTROKSHMANBTGLDSPEDDRICULMGBKLPZSDAZEOLRWLHUEBKVESALLTHBZKZIYACKTOSAFETYX
HC696_FINAL_VISIBLE	12	-2727.86521816	-2758.64461045	OAQAEQYOESKQ	JHNYUDUVKSCXTRPKTHAREUTJLESVYFCRYTEZOMPLITSTUNDODQBSWTGKAAMKKYSOKPITHMRRTFLARWKVTDAJZNPYTZTRNNFPAGBYVACOFTATTROKSHIANBTGLDSPEDFRIJULMGBKLPVSDMZEOLRWLHUMBEVESALLTHBJKLIYACKTOSAFETYX
HC696_FINAL_VISIBLE	12	-2728.80658054	-2759.58597283	KWEAMKUIEKKC	LJNYUGUEKSCXPNPKTBAKEUTJSRSVYIERYBEZLJPLINOTUEDOFQHSWTIAAEMEGYSOKPENHERDTHEARWMETHADZJDYTZTKNFFBUTHYVDEOFTATOMCKSBEANBTGAFSPAGHRIAUFIGBKTJRSDEZQOYRWNKUCBIVLSXLLABBDKDIYCEDTOSWFSTYX
HC696_FINAL_VISIBLE	12	-2733.19026279	-2763.96965508	OAQAEQKQSKKQ	JHNYUDUADSCXTRPKTHASSUTJLESVYFJRYBEZOMPLITETUEDODQBSWTAJGEMKKYSOKPUVVERRTFLARWEAKHAJZNPYTZTSAFFPAGBYVAJOLTATTROKSHUABBTGLDSPEDMRBAULMGBKLPHSREZEOLRWLHULHIVESALLTHBLYDIYACKTOSAFETYX
HC696_FINAL_VISIBLE	12	-2734.18895626	-2764.96834855	OAQAMCEIYKKQ	JHNYUKUEZSCXTRPKTTAKZUTJLESVYMMRYBEZOMPLIFYTUEDODQBSWTDADEMKKYSOKPONBERRTFLARWHEHHAJZNPYTZTKGFFPAGBYVHMOITATTROKSTOAHBTGLDSPAKCRLAULMGBKTBBSXEZEOLRWNBUCEIVESALLATBDEDIYACKTOSAFETYX
HC696_FINAL_VISIBLE	12	-2734.27856731	-2765.0579596	OAQAEQEAEGCQ	JHNYUDUIKSGXTRPKTHACEULJLESVYFMRYDIZOMPLITYTUAVODQBSWTDEAGRKKYSOKPOFHAIRTFLARWHITJEJZNPYTZTCNBXPAGBYVAMOFTSTTROKSHOANBKGLDSPEDCRICULMGBKLPBSDAZEOLRWLHUGBKVESALLTHBVKZIYACKTOSAFETYX
HC696_FINAL_VISIBLE	13	-2701.29139519	-2734.63573683	GYKMWGKQMCWOG	EBYUYEVEMUMNALPOLTWASMVFIUVYNIGYTBGSBEHPKJORSULEPRECTSMJLBAEQFIEZLOVRYBRROONILVHHMGLRTWKGPTSATHREANACONLDSBTVTWOTSAMSPBSGEBKTGJASETMIDWARTMARBZYMEATPAVETRJFAULYZJUPMFOSKTDMYQEAYFGZ
HC696_FINAL_VISIBLE	13	-2703.63871384	-2736.98305548	MQEQKCMQMCWOI	BFYUYGVEMUMNMRHOLTSASMVFIWVYNGMYTBGSBEGPKJSFSULEPREETSCHEDMEQFIEZLOPVMXTROONILVLKSMARTWKGPTSSNKFAANACONLASTTVTWOTSAMSVBNGEBKTGJASETDLBECRTMARBZYEYEGLAVETRJFKUBYHLUPMFOSQTXMNMEAYFGZ
HC696_FINAL_VISIBLE	13	-2704.31368923	-2737.65803088	MYEQKCMQMCWOG	BBYUYGVEMUMNARPOLTSASMVFIUVYNGMYTBGSBEHPKJSFSULEPRECTSCHEDMEQFIEZLOPVMXTROONILVHKSMARTWKGPTSANKFAANACONLASTTVTWOTSAMSVBNGEBKTGJASETMLBECRTMARBZYMYEGLAVETRJFKUBYHLUPMFOSQTXMNMEAYFGZ
HC696_FINAL_VISIBLE	13	-2710.55352306	-2743.89786471	KOWKMGMQMCWIM	UGYUYEVEMUMNKOFOLTWASMVFIAVYNJLYTBGSBHEPKJMHSULEPRYITSGKDBMEQFIHZLOHPOBTROONCLVMBALLRTWKGPTSQFFHEANACONLBSITVTWOTSATSTBEGEBKTGJANETECEDARTMAREZYCQYIPAVETRDFLUFYGJUPMFOSOTPMPQEAYFGZ
HC696_FINAL_VISIBLE	13	-2710.82606173	-2744.17040337	IMIOMGKQMCWOG	DHYUYEVEMUMNANDOLTWASMVFIUVYNHLYTBGSBEHPKJQHSULEPRECTSAIDBAEQFIEZLOTTOBRROONILVAILLLRTWKGPTSORJHEANACONLCSCTVTWOTSAMSRBQGEBKTGJASETFJCDARTMARBZYACCIPAVETRJFMUMYGJUPMFOSMTBMPQEAYFGZ
HC696_FINAL_VISIBLE	13	-2716.14486027	-2749.48920191	WYKMWGKQMCWIM	JBYUYEVEMUMNKBPOLTWASMVFIAVYNIGYTBGSBHEPKJORSULEPRYITSMJLBAEQFIHZLOVRYBRROONCLVHHMGLRTWKGPTSATHREANACONLISBTVTWOTSATSFBSGEBKTGJANETMIDWARTMAREZYMEATPAVETRDFFULYZJUPMFOSATDMYQEAYFGZ
HC696_FINAL_VISIBLE	13	-2716.2252264	-2749.56956805	KQYEIGWQMCWIM	UFYUYEVEMUMNKOHOLTWASMVFIAVYNMAYTBGSBHEPKJGDSULEPRYITSRAFBHEQFIHZLOIJKBDROONCLVLADALRTWKGPTSSHZDEANACONLBSHTVTWOTSATSTBGGEBKTGJANETDBWFARTMAREZYESTEPAVETRDFLUEYIJUPMFOSOTRMLQEAYFGZ
HC696_FINAL_VISIBLE	13	-2716.24083042	-2749.58517207	KASQKCMQMCWIW	UAYUYGVEMUMNFOROLTSASMVFIKVYNGMYTBGSBHMPKJSFSULEPRYSTSIHEDMEQFIHZLODVMXTROONCLVGDSMARTWKGPTSCBKFAANACONLBSKTVTWOTSATSTBAGEBKTGJANETLEBECRTMAREZYOMEGLAVETRDFLUHYHLUPMFOSOTLMNMEAYFGZ
HC696_FINAL_VISIBLE	13	-2717.14233685	-2750.48667849	WUYEIGWQMCWOG	JDYUYEVEMUMNABLOLTWASMVFIUVYNMAYTBGSBEHPKJGDSULEPRECTSRAFBHEQFIEZLOIJKBDROONILVJADALRTWKGPTSWHZDEANACONLISHTVTWOTSAMSFBGGEBKTGJASETBBWFARTMARBZYISTEPAVETRJFFUEYIJUPMFOSATRMLQEAYFGZ
HC696_FINAL_VISIBLE	13	-2719.85027647	-2753.19461812	KMSQKCMQMCWOE	UHYUYGVEMUMNBODOLTSASMVFISVYNGMYTBGSBEIPKJSFSULEPREATSIHEDMEQFIEZLODVMXTROONILVADSMARTWKGPTSOBKFAANACONLBSKTVTWOTSAMSTBAGEBKTGJASETFEBECRTMARBZYAMEGLAVETRJFLUHYHLUPMFOSOTLMNMEAYFGZ
HC696_FINAL_VISIBLE	14	-2670.59432888	-2706.50361988	GIOKWKYWOMOSAC	KHAYUDZHUEGQKWLYOLSAAYOUWIOEOAETWHGZEECXPAILISVERPICKITERBFLTBYBYHISSTIDVKOWMRKAILLKTFYMEBPTIVAKJKAEAKPMKHMYLLESSYMAZQGFLPTYEDHISOFBUVNGBLHAFIOGRENPAAQEILQDEITLLLDDANGVELLTOSSFCTYX
HC696_FINAL_VISIBLE	14	-2677.90663338	-2713.81592438	SQOKMKYWOAYUEC	EDAYUDZHUKBQIWXGOLSAAYOUGISEOJETWHGZEKKXPAITISVERPIQUITEISFLTBYBYADIDTVKVKOWMRKASMOKTBYMPBPTIVITHKAMAKEMKHMYVMISSYMAZQGFLPTYCDHISOFBUVNGBLLAMEOGRENPAGQDGLQLEITLLLDRAPKVLHLTOSEFCTYX
HC696_FINAL_VISIBLE	14	-2680.15161228	-2716.06090329	SQOKMKYWOMOSAC	EDAYUDZHUEGQKWXGOLSAAYOUWIOEOJETWHGZEECXPAITISVERPICKITEISFLTBYBYHISSTVKVKOWMRKAILLKTBYMPBPTIVAKJKAMAKEMKHMYLLESSYMAZQGFLPTYEDHISOFBUVNGBLHAMEOGRENPAAQEILQLEITLLLDDANGVLHLTOSEFCTYX
HC696_FINAL_VISIBLE	14	-2681.55528927	-2717.46458027	GIOKWKYWOAYQCC	KHAYUDZHUKBQJWLYOLSAAYOUGIQEOAETWHGZEKKXPAILISVERPIQUITERBFLTBYBYADKETIDVKOWMRKASIMKTFYMEBPTIVILIKAEAKPMKHMYVJGSSYMAZQGFLPTYRDHISOFBUVNGBLIAFIOGRENPAGQFHLQDEITLLLDRALIVELLTOSSFCTYX
HC696_FINAL_VISIBLE	14	-2683.65983963	-2719.56913063	GIOKWKYWOAYMUA	KHAYUDZHUKBQAWLYOLSAAYOUGIIEOAETWHGZEKKXPOILISVERPIQUITDRBFLTBYBYADMITIDVKOWMRKASEEKTFYMEBPTIVIAMLAEAKPMKHMYVFYQSYMAZQGFLPTYHEHISOFBUVNGBLBYFIOGRENPAGQHLMQDEITLLLDRAHATELLTOSSFCTYX
HC696_FINAL_VISIBLE	14	-2685.01858807	-2720.92787907	GYWGMKUWOAYMUA	KMJYUDZHUKBQAWLOOLSAAYOUGIIEOFATWHIZEKKXPOIBQSVENPIQUITDRGBQTBYBYADMITITDHOWMRKASEEKTKYBPBPTIVIAMLAUAGEMKHMYVFYQSYISZQIFLPTYHEHIALFBQVNGBLBYFAOIRENPAGQHLMQTEETLLLDRAHATEDSTOSSFLTYX
HC696_FINAL_VISIBLE	14	-2685.70277882	-2721.61206982	GYWGMKYWOMOSEO	KMJYUDZHUEGQIWLOOLSAAYOUWISEOFATWHGZEECXPHIBQSVERPICKITQRGBQTBYBYHISDTITDHOWMRKAILOKTKYBPBPTIVAKHEAUAGEMKHMYLLIESYISZQGFLPTYCKHIALFBUVNGBLLMFAOIRENPAAQEGFQTEETLLLDDANKHEDSTOSSFLTYX
HC696_FINAL_VISIBLE	14	-2686.36401463	-2722.27330563	GIOKWKYWOMOSUA	KHAYUDZHUEGQAWLYOLSAAYOUWIIEOAETWHGZEECXPOILISVERPICKITDRBFLTBYBYHISITIDVKOWMRKAILEKTFYMEBPTIVAKMLAEAKPMKHMYLLYQSYMAZQGFLPTYHEHISOFBUVNGBLBYFIOGRENPAAQELMQDEITLLLDDANATELLTOSSFCTYX
HC696_FINAL_VISIBLE	14	-2687.95887375	-2723.86816475	GYWGMKYWOMOSUA	KMJYUDZHUEGQAWLOOLSAAYOUWIIEOFATWHGZEECXPOIBQSVERPICKITDRGBQTBYBYHISITITDHOWMRKAILEKTKYBPBPTIVAKMLAUAGEMKHMYLLYQSYISZQGFLPTYHEHIALFBUVNGBLBYFAOIRENPAAQELMQTEETLLLDDANATEDSTOSSFLTYX
HC696_FINAL_VISIBLE	14	-2688.86881733	-2724.77810833	GIOKWOYQOAYQCC	KHAYUBZKUKBQJWLYOLSEASOUGIQEOAETWFGZEKKXPAILISVIRPIQUITERBFLTMYEYADKETIDVKOAMLKASIMKTFYMEMPTIVILIKAEAKPMKHMYVJGSSYMAZQGILPTYRDHISOFBUPNGBLIAFIOGRCNPAGQFHLQDEITPLLDRALIVELLTOSSFCTYX
HC696_FINAL_VISIBLE	15	-2610.71061611	-2649.18485647	UIAIUMOKMGWEEYI	BDYUVGSCENFXWVJYZPKSCANNUEITFLJFZBCYDEEPOLDCNOSUDNOIAIJSHIRSTHZHNPLAATHENFFOUNCLAICWLPBYLHTPIUJDEDCOOFESCLGYZRESALKSVPBQFTYRHESUAINWHEASHBLALLTKAYTYNEDEMMUQEZGUEDTOBACHAJZSTEMYOFAV
HC696_FINAL_VISIBLE	15	-2612.312994	-2650.78723437	WIIIUMOKMGWEEYI	ADYUVGSCENFXWVJAZPKSCANNUEITFLIFZBCYDEEPOLDCNQSUDNOIAIJSHIRSTHZHNPLAATHENFFOUNCLAICWLPBYLHTPEUJDEDCOOFESCLGGZRESALKSVPBQETYRHESUAINWHEAUHBLALLTKAYTYNECEIMUQEZGUEDTOBACPAJZSTEMYOFAV
HC696_FINAL_VISIBLE	15	-2615.70076942	-2654.17500979	EIAYUMOKMGWEEYI	JDYUVGSCENFXWVJIZPKSCANNUEITFLEFZGCYDEEPOLDCNYSUTNOIAIJSHIRSTHZMNPLAATHENFFOUNSLAICWLPBYLHTPIUJDEDCOOFESCLGYZRESALKSVPBQATYRHESUAINWHEACHBLALLTKAYTYNELEMEUQEZGUEDTOBACHQJZSTEMYOFAV
HC696_FINAL_VISIBLE	15	-2618.84395218	-2657.31819254	EIUKUMOKMGWEEYI	JDYUVGSCENFXWVJIZPKSCANNUEITFLEFZACYDEEPOLDCNYSUFNOIAIJSHIRSTHZGNPLAATHENFFOUNELAICWLPBYLHTPLUJDEDCOOFESCLGSZRESALKSVPBQATYRHESUAINWHEACHBLALLTKAYTYNELECLUQEZGUEDTOBACBCJZSTEMYOFAV
HC696_FINAL_VISIBLE	15	-2620.76686907	-2659.24110943	EIUKIYOKMGWEEYI	JDYUVASCENFXWVJIZPKSOANNUEITFLEFZAIYDEEPOLDCNYSUFBOIAIJSHIRSTHZGNPLAATHENFFOUNELAICWLPBYLHTPLUCKEDCOOFESCLGSZFQSALKSVPBQATYRALSUAINWHEACHBLOXLTKAYTYNELECLUQEZGUEDTOBACBCJZSTEMYOFAV
HC696_FINAL_VISIBLE	15	-2622.16961002	-2660.64385039	OIAIUMOKMGWEEAE	EDYUVGSCENFXWVLSZPKSCANNUEITFHMFZBCYDEEPOLDBNISUDNOIAIJSHITSTHZHNPLAATHENEHOUNCLAICWLPBYNDTPIUJDEDCOOFESTLGYZRESALKSVPBNITYRHESUAINWHDCMHBLALLTKAYTYPAGEMMUQEZGUEDTODACHAJZSTEMYOFAR
HC696_FINAL_VISIBLE	15	-2624.47799349	-2662.95223385	UIAIUMOKCYWEEYI	BDYUVGSCJNFXWVJYZPKSCANDUEITFLJFZBCYDEJPOLDCNOSUDNOIAYJSHIRSTHZHNPLATTHENFFOUNCLAICNLPBYLHTPIUJDEDHOOFESCLGYZRESABKSVPBQFTYRHESUFMNWHEASHBLALLTASYTYNEDEMMUQEZLUEDTOBACHAJZSTUMYOFAV
HC696_FINAL_VISIBLE	15	-2627.02760553	-2665.5018459	UIAIAYOKMGWEEYI	BDYUVASCENFXWVJYZPKSOANNUEITFLJFZBMYDEEPOLDCNOSUDTOIAIJSHIRSTHZHNPLAATHENFFOUNCLAICWLPBYLHTPIUGKEDCOOFESCLGYZXQSALKSVPBQFTYRELSUAINWHEASHBLGXLTKAYTYNEDEMMUQEZGUEDTOBACHAJZSTEMYOFAV
HC696_FINAL_VISIBLE	15	-2628.26116896	-2666.73540932	UCQGAYOKMGWEEYI	BGYUVASCENFXWVJYTPKSOANNUEITFLJIZCMYDEEPOLDCNOSUBTOIAIJSHIRSTKZINPLAATHENFFOONALAICWLPBYLHTPAUGKEDCOOFESCLGOZXQSALKSVPBQFTYRELSUAINWHEASHBLGXLTKAYTYNEDHEAUQEZGUEDTOBAWXYJZSTEMYOFAV
HC696_FINAL_VISIBLE	15	-2628.62998343	-2667.10422379	WIIIAYOKMGWEEYI	ADYUVASCENFXWVJAZPKSOANNUEITFLIFZBMYDEEPOLDCNQSUDTOIAIJSHIRSTHZHNPLAATHENFFOUNCLAICWLPBYLHTPEUGKEDCOOFESCLGGZXQSALKSVPBQETYRELSUAINWHEAUHBLGXLTKAYTYNECEIMUQEZGUEDTOBACPAJZSTEMYOFAV
HC696_FINAL_VISIBLE	16	-2660.83985329	-2701.87904301	IUWMQOUSUCGCQKCE	DBJVZLUXDQHWANEYNLPKSEBUUUOIFFESSCAXBDFONELMXLWSVPOOKERITELUSINWPSHALLTERIGHTHSCKAQEBKMOZPEASYTHELDOUMITJVDWOTEYMLUKTFFACAPGFAKSHDWDIKJJORFLOGRHGOYALCRABVZTQEFDMBZZMISTESLEFACQGZGF
HC696_FINAL_VISIBLE	16	-2666.11911058	-2707.1583003	IUWMQOUAUCMQQQCS	DBJVZLUKDQXWANEYNLPKSEBDUUVIFFESSCAXBDFONEIFXIWSVPOOKERITERISONWPSHALLTARIDATESIKAQEBKMWZPKOSYTVELDOUMITJVAWOTEYMLUKTFFACAVGFAKSHDWDIKJFORCEODRAGOYALCRIBVFHQKFRMBZZMISTESLEFACQGZGF
HC696_FINAL_VISIBLE	16	-2668.57610798	-2709.6152977	CQWMQOUSMCGCQKCK	GDJVZLUXHQHWANEYHHPKSEBUMUOIFFESSEAXBDFONELMXLWSVLOOKERITELUSINWPSHALLTERIGHTHSMKAQEBKMOZPEASYTNHADOUMITAVDWOTEYGHUKTFFAUAPGFAKSKFWDIKJJORFLOGREAKYALCRABVZTQEFJCDZZMISTISFAFACQGZYF
HC696_FINAL_VISIBLE	16	-2668.89073563	-2709.92992535	IUWMQOUAUCIAQQCS	DBJVZLUKDQGWANEYNLPKSEBDUUQIFFESSCAXBDFONEKAXIWSVPOOKERITENSSONWPSHALLTARIFITESIKAQEBKMWZPGYSYTVELDOUMITJVCWOTEYMLUKTFFACARGFAKSHDWDIKJFOREMODRAGOYALCRIBVBRQKFRMBZZMISTESLEFACQGZGF
HC696_FINAL_VISIBLE	16	-2674.59762478	-2715.6368145	IUWMQKWEUCMQQQCS	DBJVZAUIDQXWANEYNLPKSABHUUVIFFESSCAXBFEONEIFXIWSVPOOKATITERISONWPSHALAINRIDATESIKAQEBKPBZPKOSYTVELDOUBHTJVAWOTEYMLUKTBHACAVGFAKSHDWDIMIDORCEODRAGOYALYTMBVFHQKFRMBZZMKSTESLEFACMGZGF
HC696_FINAL_VISIBLE	16	-2678.46569395	-2719.50488367	QKWMQOUSMCMQQQCE	MGJVZLUXHQXWANEYVBPKSEBUMUVIFFESSHAXBDFONEIFXIWSVFOOKERITERISONWPSHALLTERIDATESCKAQEBKMOZPKOSYTHADDOUMITAVAWOTEYUBUKTFFAUAVGFAKSDIWDIKJJORCEODRHOEYALCRABVFHQKFDIGZZMISTISTUFACQGZYF
HC696_FINAL_VISIBLE	16	-2678.78345776	-2719.82264748	IUWMQKOAQCGCQKCE	DBJVZAUKFQHWANEYNLPKSABDQUOIFFESSCAXBFIONELMXLWSVPOOKALITELUSINWPSHALAMARIGHTHSCKAQEBKHWZPEASYTHELDOUBLTLVDWOTEYMLUKTBZAYAPGFAKSHDWDIMMFORFLOGRHGOYALYLIBVZTQEFDMBZZMKSTOSLEFACMGZDF
HC696_FINAL_VISIBLE	16	-2679.22547483	-2720.26466455	IUWEYKGAUCGCQKCE	DBJVZAUKDQHWANEYNLPKSABDUUOIFFESSCAXWFMONELMXLWSVPOOTADITELUSINWPSHEHADARIGHTHSCKAQWJKZWZPEASYTHELDOUBCTJVDWOTEYMLUKTBRACAPGFAKSHDWWEMDFORFLOGRHGOYTTYDIBVZTQEFDMBZZIKSTESLEFAKMGZGF
HC696_FINAL_VISIBLE	16	-2679.22954655	-2720.26873627	IUWEYKGAOYKQYQCS	DBJVZAUKGQFWJNEYNLPKSABDOUSINFESSCAXWFMONGJFXIWSVPOOTADITAPISONWPSHEHADARKEATESIKAQWJKZWZLIOSYTVELDOUBCTMVBWOTEYMLUKTBRAWATGFAKSHDWWEMDFORDEODRAGOYTTYDIBVDHQKFRMBZZIKSTHSLEFAKMGZAF
HC696_FINAL_VISIBLE	16	-2680.37179804	-2721.41098776	IKOMGWEAUCMQQQCS	DGAVZHUKDQXWANEYNBPKSMBDUUVIFFESSHEXGMAONEIFXIWSVFGOAMBITERISONWPSLADHEARIDATESIKAIERKXWZPKOSYTVEDHOUTDTJVAWOTEYMBMKTMPACAVGFAKSHIWDAGEFORCEODRAGEYABKBIBVFHQKFRMGZZEESTESLUFASYGZGF
HC696_FINAL_VISIBLE	17	-2677.41811275	-2721.02225183	WOQAGCUCEMWUSSYOE	AAVZSGXMBELVESMYSBEOKSTBEEVEJHEATEMWCCONSALEQWSWHSROOKRDJSFIESSMWVYTHTFEWILFZSREITWERHLIXZOSATZTWANTMAITATGOTSYTSZHJQSAGAYBOHEBKSGJXWFBARVEBYDWNPBTQEMZJFBVJQQXFATNLKHIBILESTOSKSZWD
HC696_FINAL_VISIBLE	17	-2684.43836117	-2728.04250024	WOQAGUQCAMWUSSYOE	AAVZSKXMDELVESMYSBEOKSLBEAVEJHEATEMWCCONSAAEQWSWHSROOKRDJSFEESSMWVYTHTFEWMAFZSREITWERHLIXZGOATZTWANTMAITATGOTSYTSZHJQSAGAYBOHEBKSGJXWFBARVEBYHWNPBTQEMZJFBVJQQPFATNLKHIBILESTOSKSZWD
HC696_FINAL_VISIBLE	17	-2688.04633427	-2731.65047334	OSMAGCUCEMWUSOYKE	ELVZSGXMBELVESMYSTIOKSTBEEVEJHEATEDWECONSALEQWSWHSRGOGRDJSFIESSMWVYTLTHEWILFZSREIMWGRZLEXZOSATZTWAITIAMTCTGOTSYTSZHLQSAYAUBOHEBKSGJXSFBARVGBYDWNPBTQEBZLFBVFQQXFATNLKHEBELISTOSCSZWD
HC696_FINAL_VISIBLE	17	-2690.4621911	-2734.06633018	WOQAGEAOAICUSSYOE	AAVZSFXGDGIVESMYSBEOKSVBQAVKJHEATEMWCCONSHAGQWSWHSROOKRDJSREASSMWVYTHTFEWHITZSREITWERHLIXZQYNTZTWANTMAITATGOTSYTSZHJQSAGAYBOHEBKSGJXWFBARVEBYCWGPDTQEMZJFBVJQQZFNTJLKHIBILESTOSKSZWD
HC696_FINAL_VISIBLE	17	-2691.22856522	-2734.83270429	WOQAGCUCKOCUSSYOE	AAVZSGXMLDIVESMYSBEOKSTBEKVKJHEATEMWCCONSAIDQWSWHSROOKRDJSFOGSSMWVYTHTFEWILFZSREITWERHLIXZOSATZTWANTMAITATGOTSYTSZHJQSAGAYBOHEBKSGJXWFBARVEBYDWNPUTQEMZJFBVJQQXFATOLKHIBILESTOSKSZWD
HC696_FINAL_VISIBLE	17	-2692.20948696	-2735.81362604	WOQAGCUCEMWUSKWOE	AAVZSGXMBELVESAYSBEOKSTBEEVEJHEYTEMWCCONSALEQWSWISROOKRDJSFIESSMWTYTHTFEWILFZSREIBLERHLIXZOSATZTWAEQMAITATGOTSYTSZHAQSAGAYBOHEBKSGJXOFBARVEBYDWNPBTQEDZJFBVJQQXFATNLKHABILESTOSKSZWD
HC696_FINAL_VISIBLE	17	-2692.58959007	-2736.19372915	WOMAGKSEAQWUSSYOE	AAVZSCXLDCLVESMYSBEOKSBBGAVEJHEATEMWECONSMACQWSWHSROOGRDJSHEISSMWVYTHTHEWEVEZSREITWERHLEXZWRCTZTWANTMAITCTGOTSYTSZHJQSAGAUBOHEBKSGJXWFBARVGBYMWLPMTQEMZJFBVFQQFFDTRLKHIBILESTOSKSZWD
HC696_FINAL_VISIBLE	17	-2692.98315716	-2736.58729623	WOQAGEIEAQWUSSYOE	AAVZSFXLDCLVESMYSBEOKSVBGAVEJHEATEMWCCONSMACQWSWHSROOKRDJSHEISSMWVYTHTFEWHEEZSREITWERHLIXZQGCTZTWANTMAITATGOTSYTSZHJQSAGAYBOHEBKSGJXWFBARVEBYCWLPMTQEMZJFBVJQQZFDTRLKHIBILESTOSKSZWD
HC696_FINAL_VISIBLE	17	-2693.28323793	-2736.88737701	WOMAGKUQAMSUSSYOE	AAVZSCXFDEAVESMYSBEOKSBBSAVAJHEATEMWECONSGAEQWSWHSROOGRDJSTEESSMWVYTHTHEWELLZSREITWERHLEXZWSOTZTWANTMAITCTGOTSYTSZHJQSAGAUBOHEBKSGJXWFBARVGBYMWFPBTQEMZJFBVFQQFFPTNLKHIBILESTOSKSZWD
HC696_FINAL_VISIBLE	17	-2694.15982151	-2737.76396059	OSMAGCUCEMWUSOYGK	ELVZSGXMBELVESMYSTIOKSTBEEVEJHEATEDWECONSALEQWSWHSRGOGRDJSFIESSMWVYTLTHEWILFZSREIMWIRZLEXZOSATZTWAITEAMTCTGOTSYTSZHLQSKYAUBOHEBKSGJXSFBGRVGBYDWNPBTQEBZACBVFQQXFATNLKHEBARISTOSCSZWD
HC696_FINAL_VISIBLE	18	-2698.95940495	-2745.12849338	KCWCIQWYEKQCEOOMWU	UHZEUCCEIWANDYESRAPSOLTHBAEUZJSERSFVPACSOFMEHAWTDRPWRSESTITSAQSIMXAZTOLPWHILSROFTEDDPMPTEVYOUBTZSANEKABLAMOMSYTSZQHESPTKCRXMJJFAKSHJADFAMBDGBLDSUFQNEEQIBGZLFPLADITDKLWHATLCJZISGMYF
HC696_FINAL_VISIBLE	18	-2702.12221622	-2748.29130466	KCWCUQSIEKQIEMOEWU	UHZEUCEMIWANDYESRAPSOLTHBKEUZJSERSFVPACSOFBMHAWTDRPWRSESTITSWASIMXAZTOLPWHILSROATEDAPAPEEVYOUBTZSKNEKGBJAFOMSYTSZQJMSPTHCRXDJJFAKSHJWNFAMHDGBLDSUFQNLEQDBGZIFPLEDITDKLIHADLCJZISGMYF
HC696_FINAL_VISIBLE	18	-2703.25655842	-2749.42564685	KCOIIQWYEKQCEOOMWU	UHZBUCCEIWANDYESRAPSOLTHBAEUZJSERSFVPAGSOFMEHAWTDRPWRSESLITSAQSIMXAZTOLPWHTISROFTEDDPMPTEVYONHTZSANEKABLAMOMSYTSZQHESPTKCRXMJJFAKSHJADFAMBDGBLDSUFQNEEQIBGZLFPLADITDKLWHATLCJZISGMYF
HC696_FINAL_VISIBLE	18	-2703.65760183	-2749.82669027	KGKSIQWYEKQICWWECE	UFZJUCCEIWANEYASRIPWOLTHBAEUZJQEZSFVPLISOFMEHAWTERPWRSEWHITSAQSIMXYZTOLPWFBDSROFTEDAPIPEBVYSIRTZSANEKGBTAFUMSYTSZQHESPTHDRXDGEFAKSHJADFAMHBGBLJCUDQNEEQIBGZIGPHEADTHKLWHATLCJZGSOMEP
HC696_FINAL_VISIBLE	18	-2705.03800917	-2751.2070976	WCEYIQWYEEOMKWWECM	JHZGUCCEIWBNAYASREASOLTHBAEUXJYEZSFVEANSOFMEHDWTARPWRSRSAITSAQSCMXGZTOLPWHEASROFTHELPIPEBVYOCXTZSANYIKBTAFUMSYTSZQHESPMFRRXDGAFAKSHJADFALLIGBLJKUFQNEEQIBYZGUPHEAMTDKLWHATLXJZPSOMEX
HC696_FINAL_VISIBLE	18	-2705.08247519	-2751.25156362	YOSIIQWYEKQIEMOEWU	IBZBUCCEIWANDYESRACEOLTHBAEUZJSERSFVDHESOFMEHAWTDRPWRSTEPITSAQSIMXAZTOLPWBKISROFTEDAPAPEEVYAQHTZSANEKGBJAFOMSYTSZQHESPTHCRXDJJFAKSHJADFAMHDGBLDSUMQNEEQIBGZIFPLEDITPKLWHATLCJZISGMYF
HC696_FINAL_VISIBLE	18	-2705.54608011	-2751.71516855	CAQSIQWYEKQIEMOEWU	GVZJUCCEIWANDYESRAGROLTHBAEUZJSERSFVBBFSOFMEHAWTDRPWRSXQNITSAQSIMXAZTOLPWILDSROFTEDAPAPEEVYMORTZSANEKGBJAFOMSYTSZQHESPTHCRXDJJFAKSHJADFAMHDGBLDSUGQNEEQIBGZIFPLEDITBKLWHATLCJZISGMYF
HC696_FINAL_VISIBLE	18	-2706.34078312	-2752.50987155	KCOIIQWYEKQICWWECE	UHZBUCCEIWANEYASRIPSOLTHBAEUZJQEZSFVPAGSOFMEHAWTERPWRSESLITSAQSIMXYZTOLPWHTISROFTEDAPIPEBVYONHTZSANEKGBTAFUMSYTSZQHESPTHDRXDGEFAKSHJADFAMHBGBLJCUFQNEEQIBGZIGPHEADTDKLWHATLCJZGSOMEP
HC696_FINAL_VISIBLE	18	-2706.35517645	-2752.52426488	YSQIIQWYEEOMKWWECE	IMZBUCCEIWBNAYASRICIOLTHBAEUXJYEZSFVDFFSOFMEHDWTARPWRSTINITSAQSCMXGZTOLPWMLISROFTHELPIPEBVYEOHTZSANYIKBTAFUMSYTSZQHESPMFRRXDGEFAKSHJADFALLIGBLJCUKQNEEQIBYZGUPHEADTTKLWHATLXJZPSOMEP
HC696_FINAL_VISIBLE	18	-2707.00640535	-2753.17549379	YSQIIQWYMMQACWWECE	IMZBUCCEEWANEYASRICIOLTHBAMUZJQEZSFVDFFSOFMEDSWTERPWRSTINITSAQSLMXYZTOLPWMLISROFADDEPIPEBVYEOHTZSAUGKYBTAFUMSYTSZQHESPTLDRXDGEFAKSHJADFAMZBGBLJCUKQNEEQIKFZMGPHEADTTKLWHATTEJZGSOMEP
HC696_FINAL_VISIBLE	19	-2614.411098	-2663.1451358	YOOMKKUEWWMQSCGGOEK	JFSUXNQILVHSCYCRXSRCEOLTBAGWVVIGFITEUCGONELESHISRPARCZJETUJSOODSCMWIZTPKPYINRORAWGHATETHMUTWEVDTYSOTEODBSBQKNLGMYHELITGRHXSUADEIGAREADTFBHISHALSOOTEBYTEJFQULYCZJESTFEEHIZPSNMYGEBEF
HC696_FINAL_VISIBLE	19	-2615.51437664	-2664.24841443	IYOMASAEEEKWOCGGIEC	EASUXEQIHVISEYCRXSRMOOLTIAGEVTICFITEUCBONEDASHESMPCRCZMEFEJSOELSCMWHZTPKPSIERORAJCEATATEBUTWHVHTYSOIMUDBABWGNLGGYZMGITYIEXSUBAGIGAREENDFBWRYHALQUKTEBYTWEAQUDYMZFASTHEORIZFSTMGOEBAF
HC696_FINAL_VISIBLE	19	-2618.14565039	-2666.87968818	IYWMWSUEEEKWOCGGIEC	EASUXEQIHVISEYCRXSRMOOLTIAGEVTICFITEUCBONEFASHESMPCRCZMEFEJSOALSCMWHZTPKPSIERORALCHATATEBUTWHVHTYSOEMODBABWGNLGGYZMGETAIHXSUBAGIGAREENDFBTRSHALQUKTEBYTWEAQUFYCZFASTHEORIZBSNMGOEBAF
HC696_FINAL_VISIBLE	19	-2622.50280666	-2671.23684446	GYOMASAEWWIIMKGQOEK	FASUXEQILVJSFYCRXSRKOOLTIAGWVRIAFITEUCCONEDASHISAPDRCZJETCJSOELSCMWFZTPKPYINRORAJCEATETLCUTWEVDTYSOIMUDBSBIENLGMYHAGITYIEXSUCHHEGIREALDFBWRYHALOGITELYTEFAQUDYMZJESTIAMRIZFSTMYGEBYN
HC696_FINAL_VISIBLE	19	-2622.52867556	-2671.26271335	GYWMWSUEEEIIMKGQOEK	FASUXEQIHVJSFYCRXSRKOOLTIAGEVRIAFITEUCCONEFASHESAPDRCZJETCJSOALSCMWFZTPKPYINRORALCHATATLCUTWEVDTYSOEMODBABIENLGMYHAGETAIHXSUCHHEGIREALDFBTRSHALOGITELYTEFAQUFYCZFASTIAMRIZBSNMGOEBYN
HC696_FINAL_VISIBLE	19	-2623.80556202	-2672.53959981	UCOMASAEEEKWOCQYOEK	LLSUXEQIHVISEYKRXSRYSOLTIAGEVTICFSTEUCIONEDASHESMPCRKZJETQJSOELSCMWHZTPKPYINRORAJCEATATEBUTWEVDTYSOIMUDBABWGNLGMYHGEITYIEXSUBAGIBEREAZHFBWRYHALQUKTOTYTELLQUDYMZFASTHEAVIZFSTMGOEBAF
HC696_FINAL_VISIBLE	19	-2626.45774126	-2675.19177905	YOOMASAQCOKWOCGGOEK	JFSUXEQCIVISEYCRXSRCEOLTIASCVTICFITEUCGONEDASBFSMPCRCZJETUJSOELSOMWHZTPKPYINRORAJCEHTITEBUTWEVDTYSOIMUPBKBWGNLGMYHELITYIEXSUBAGIGAREADTFBWRYHALQUKTEBYTEJFQUDYMZGISTHEEHIZFSTMEYEBAF
HC696_FINAL_VISIBLE	19	-2627.32449913	-2676.05853692	YYEMGYAEEESOCQKQOEK	JASUXBQIHVNSKYARXSRCOOLTOAGEVAIQFMTEUCGONEAKSHESIPIRAZJETUJSOKRSCMWPZTPKPYINRORAGMEATATIHUTWEVDTYSOOSUDBABOUNLGMYHEGATIFEXSUKEMBEIREADDFBDXYHALYMYTILYTEJAQUAYMZFASTAKERIZLSTMGOEBOT
HC696_FINAL_VISIBLE	19	-2629.58208084	-2678.31611863	IYWMGYAEEEKWOCGGIEC	EASUXBQIHVISEYCRXSRMOOLTOAGEVTICFITEUCBONEAKSHESMPCRCZMEFEJSOKRSCMWHZTPKPSIERORAGMEATATEBUTWHVHTYSOOSUDBABWGNLGGYZMGETIFEXSUBAGIGAREENDFBDXYHALQUKTEBYTWEAQUAYMZFASTHEORIZLSTMGOEBAF
HC696_FINAL_VISIBLE	19	-2630.7822628	-2679.51630059	IYWMGCGWEEKWOCGGIEC	EASUXMQMHVISEYCRXSRMOOLTSAYEVTICFITEUCBONEAISLESMPCRCZMEFEJSOKVSUMWHZTPKPSIERORAGYBETATEBUTWHVHTYSOOXAVBABWGNLGGYZMGETIDBXSUBAGIGAREENDFBDBEHALQUKTEBYTWEAQUAYZZFASTHEORIZLSYMGOEBAF
HC696_FINAL_VISIBLE	20	-2682.33188915	-2733.6308763	AYYIGGECCUWCWSKIAQUS	MGIXNAXIHNHYASMXSRSVEOOLSWAEDVEILENSEUDHXEKBGDSRBWRSZQBTLEBESADATFMXZYTPLOUNCLATLFDCPDPHGJWYKVJKHLITISTHADACVMKGUZGAFHTKKSUTIKHICHTEDIDIOYHAZGBKMEATBOZQRHHRAUNJDMZZEMSTASDIFASIGZOF
HC696_FINAL_VISIBLE	20	-2685.34267521	-2736.64166236	AYKMWWECUUEWOAKIAQUS	MGCXNFXILNDYESMXSRSVEOOLSMAEVVMIDENSEUDHXEEMLISRFWRSZQBTLEBESAPETVMXRYTPLOUNCLATLFPAPIPHKJWYBVJKHLITISELATACNMKGMZGAFHTKKSUTACHIGHTSHEDIOYHAZGBKCUATTOZLJPHRAUNJDMZZJESTESDIFAIYGZGF
HC696_FINAL_VISIBLE	20	-2693.00941801	-2744.30840516	AYKMWWECUUECWSKIMYUS	MGCXNFXILNDYASMXSRSVEOOLSMAEVVMILENSEUDHXEEMLISRFWRSZQBTFABESAPETVMXRYTPLOUNOTATLFPAPIPHKJWYKVJKBHITISELATACNMKGUZGARPTKKSUTACHIGHTEDIDIOYHAZGBKCUATTOZQRHHRAUNJDMZZJESTESDIFAIYGZGF
HC696_FINAL_VISIBLE	20	-2693.04935408	-2744.34834123	QUWEWWESMAEWOAKOGWUM	ESJXNFXACNDYESMXSRSVULOLSMAUNVMIDENSEUDHXGLDLISRJWRSZQBMIBBHSWBWTVMXJYTPLOUSIRANDHEEPIPMBGWYBVJHETITYORDATASFMKGMZGGLMTKCSUTACHAKETSHEDFOYHDPGBKCUATLUZLJPHXAUNDIBZZJESTISTEFAIYGZYF
HC696_FINAL_VISIBLE	20	-2693.06317902	-2744.36216617	AYKMWWSWWIECWSKIMYUS	MGCXNFXLKNDYASMXSRSVEOOLSMAYXVMILENSEUDHXEEMLISREWRSZQBTFABESAPETVMXTYTPLOUNOTATLFPAPIPKUCWYKVJKBHITISELATAWOMKGUZGARPTKKSUTACALFATEDIDIOYHAZGBKCUOTVCZQRHHRAUNJDMZZJESTDSDIFAIYGZIF
HC696_FINAL_VISIBLE	20	-2696.32031679	-2747.61930394	AYMUWWCGCIWUOIKOGSUS	MGBXNFXGHNHYESMXSRSVEOOLSMAIDVEIDENSEUDHXEDILISRBWRSZQBMIDBESARMTVMXZYTPLOUSINATLFJJPIPFGCWYBVJHEKITISHTATAGVMKGMZGGLJTKKSUTACIGCATIHADFOYHAZGBKCUYTBCZIJXHXAUNJDMZZJESTASDIFAIYGZOF
HC696_FINAL_VISIBLE	20	-2697.36812496	-2748.66711211	AYMUWQSWQEECWSKIAQUS	MGBXNQXLVNDYASMXSRSVEOOLSHAYQVMILENSEUDHXEDILLSRHWRSZQBTLEBESARMTPMXNYTPLOUNCLATLFJJPTPKMEWYKVJKHLITISHTAMAWJMKGUZGAFHTKKSUTAFALICTEDIDIOYHAZGBKCOOTPYZQRHHRAUNJDMZZJHSTOSDIFAISGZDF
HC696_FINAL_VISIBLE	20	-2698.84578848	-2750.14477563	WYMUWQESAIECWAKCYYCS	BGBXNQXAINDYASMXSRSVAOOLSHAUBVMILENSEUDHXEDILLSRCWRSZQBFMAKESARMTPMXXYTPLOUGATITAFJJPTPMHCWYKVJAIHETESHTAMASTMKGUZGUDPBKXSUTAFHADATEDEDLOYDAUGBKCOATZCZQRPHLAUVJFMZZJHSTBSZIFAISGZMF
HC696_FINAL_VISIBLE	20	-2699.69416714	-2750.99315429	AYKMWWSWWIEUOIKOYIWA	MGCXNFXLKNDYESMXSRSVEOOLSMAYXVMIDENSEUDHXEEMLISREWRSZQBMMIANSAPETVMXTYTPLOUSADCALFPAPIPKUCWYBVJHICHTISELATAWOMKGMZGGDZVKKSUTACALFATIHADFOYGJZGBKCUOTVCZIJXHXAUPRDMZZJESTDSDIFAIYGZIF
HC696_FINAL_VISIBLE	20	-2699.70539808	-2751.00438523	QUWEWWESMAEUWUQWKQUM	ESJXNFXACNDYASJXSRSVULOLSMAUNVMILETSEUDHXGLDLISRJWRSZQLIGEBHSWBWTVMXJYTPLOAAMLANDHEEPIPMBGWYKVGDULITYORDATASFMKGUZMOOHTKCSUTACHAKETIDRABOYHDPGBKCUATLUZIRINFAUNDIBZZJESTISTEFAIYGZYF
